LINE_NAME,EQUIPMENT_NAME,EQUIPMENT_ID,PLANT,DOWNTIME_DRIVER,OPERA_TYPE,GH_AREA,GH_CATEGORY,GH_FOCUSFACTORY,PHYSICAL_AREA,EQUIPMENT_TYPE,EQUIPMENT_MODEL,COMPLEXITY,MODEL,MATERIAL_ID,SHORT_MATERIAL_ID,SIZE_TYPE,MATERIAL_UOM,UOM_ST,UOM_ST_SAP,TP_UOM,PRODUCTION_ORDER_ID,PRODUCTION_ORDER_DESC,PRODUCTION_ORDER_RATE,PRODUCTION_ORDER_UOM,JOB_START_TIME_LOC,JOB_END_TIME_LOC,UTIL_STATE_DESCRIPTION,UTIL_REASON_DESCRIPTION,UTIL_ALT_LANGUAGE_REASON,CO_TYPE,CO_ORIGINAL_TYPE,SHIFT_NAME,SHIFT_START_DATE_LOC,SHIFT_END_DATE_LOC,SHIFT_DURATION_MIN,CREW_ID,RAMPUP_FLAG,PRODUCTIONDATE_DAY_LOC,PRODUCTIONDATE_MONTH_LOC,PRODUCTIONDATE_QUARTER_LOC,PRODUCTIONDATE_YEAR_LOC,PRIMARY_CONV_FACTOR,PLANT_DESCRIPTION,PLANT_STRATEGIC_LOCATION,PLANT_COUNTRY,PLANT_COUNTRY_DESCRIPTION,PLANT_FACILITY_TYPE,PLANT_POSTAL_CODE,PLANT_PURCHASING_ORGANIZATION,PLANT_STRATEGIC_LOCATION_DESCRIPTION,PLANT_LATITUDE,PLANT_LONGITUDE,PLANT_DIVISION,PLANT_DIVISION_DESCRIPTION,PLANT_SUB_DIVISION,PLANT_SUB_DIVISION_DESCRIPTION,AE_MODEL_CATEGORY,TOTAL_TIME_SECONDS,TOTAL_TIME,BUSINESS_EXTERNAL_TIME,PLANT_AVAILABLE_TIME,EFFECTIVE_RUNTIME,PLANT_DECISION_TIME,PRODUCTION_AVAILABLE_TIME,GOOD_PRODUCTION_QTY,REJECT_PRODUCTION_QTY,DOWNTIME,RUN_TIME,NOT_ENTERED,WAITING_TIME,PLANT_EXPERIMENTATION,ALL_MAINTENANCE,AUTONOMOUS_MAINTENANCE,PLANNED_MAINTENANCE,DAYS_MTD,DAYS_YTD,AVG_THROUGHPUT_MTD,AVG_THROUGHPUT_YTD,CHANGEOVER_COUNT,CHANGEOVER_DURATION,CLEANING_AND_SANITIZATION,LUNCH_AND_BREAK,LUNCH,BREAK,MEETING_AND_TRAINING,NO_DEMAND,SOURCE_DATASET,SOURCE_DATASET_FUNCTIONAL_AREA,SOURCE_DATASET_SUBFUNCTIONAL_AREA
FIPCO006,FIPCO006,224.0,MX11,,Full OPERA,PACK,OC,TPST,OralCare,Line,,Kids,TFS30,000000000061024733,61024733,OFT 38FR_4.6oz_12_Size,CS,12.0,12.0,12.0,108432658.0,108432658.0,12.0,CS,2025-02-05 22:40:21.000 -0500,2025-02-09 00:26:51.000 -0500,DOWNTIME,Ending order,Terminando Orden,Size,,Shift2,2025-02-07 14:00:00.000 -0500,2025-02-07 21:29:59.000 -0500,450.0,C,False,2025-02-07,2025-02-01,2025-01-01,2025-01-01,12.0,"Mexico, Mission Hills",Y,MX,Mexico,MFG,37980,MX03,Strategic,20.9817163,-100.4223264,LA,Latin America,LA,Latin America,Unplanned,7,0.116667,0.0,0.116667,0.0,0.0,0.116667,0,0,0.116667,0.0,0.0,0.0,0.0,0.0,0.0,0.0,19,78,0.0,0.0,0,0.0,0.0,0.0,0.0,0.0,0.0,0.0,OPERA,Supply Chain,Manufacturing
FIPCO009,FIPCO009_Filler,152.0,MX11,,Full OPERA,PACK,OC,TPST,OralCare,Equipment,,High Complexity,TFS80-6,MX05316A,MX05316A,OFT 38FR_4.0oz_24_Size,CS,24.0,24.0,24.0,108430841.0,108430841.0,450.0,CS,2025-02-05 09:02:46.000 -0500,2025-02-06 14:17:21.000 -0500,DOWNTIME,Copas,Copas,ALL,ALL,Shift1,2025-02-06 06:00:00.000 -0500,2025-02-06 13:59:59.000 -0500,480.0,B,False,2025-02-06,2025-02-01,2025-01-01,2025-01-01,24.0,"Mexico, Mission Hills",Y,MX,Mexico,MFG,37980,MX03,Strategic,20.9817163,-100.4223264,LA,Latin America,LA,Latin America,Unplanned,747,12.45,0.0,12.45,0.0,0.0,12.45,0,0,12.45,0.0,0.0,0.0,0.0,0.0,0.0,0.0,19,78,0.0,0.0,0,0.0,0.0,0.0,0.0,0.0,0.0,0.0,OPERA,Supply Chain,Manufacturing
FIPCO006,FIPCO006_Filler,225.0,MX11,,Full OPERA,PACK,OC,TPST,OralCare,Equipment,,Kids,TFS30,MX03109A,MX03109A,OFT 38TP_75ml_12_Size,CS,12.0,12.0,12.0,108430287.0,108430287.0,144.0,CS,2025-02-05 20:12:40.000 -0500,2025-02-05 20:13:31.000 -0500,PLANNED,Cleaning and Sanitation,C&S,Size,Size,Shift2,2025-02-05 14:00:00.000 -0500,2025-02-05 21:29:59.000 -0500,450.0,C,False,2025-02-05,2025-02-01,2025-01-01,2025-01-01,12.0,"Mexico, Mission Hills",Y,MX,Mexico,MFG,37980,MX03,Strategic,20.9817163,-100.4223264,LA,Latin America,LA,Latin America,Plant Decision,1255,20.916667,0.0,20.916667,0.0,20.916667,0.0,0,0,0.0,0.0,0.0,0.0,0.0,0.0,0.0,0.0,19,78,0.0,0.0,0,0.0,20.916667,0.0,0.0,0.0,0.0,0.0,OPERA,Supply Chain,Manufacturing
FIPCO00G,FIPCO00G_CasePacker,193.0,MX11,,Full OPERA,PACK,OC,TPST,OralCare,Equipment,,Packs,TFS80-6,000000000061028649,61028649,OFT 35FT_115ml_36_2P_Size,CS,72.0,72.0,72.0,108431439.0,108431439.0,5.829999924,CS,2025-02-05 19:17:20.000 -0500,,DOWNTIME,Entrada plegadiza CCC,Entrada plegadiza CCC,ALL,ALL,Shift2,2025-02-06 14:00:00.000 -0500,2025-02-06 21:29:59.000 -0500,450.0,C,False,2025-02-06,2025-02-01,2025-01-01,2025-01-01,36.0,"Mexico, Mission Hills",Y,MX,Mexico,MFG,37980,MX03,Strategic,20.9817163,-100.4223264,LA,Latin America,LA,Latin America,Unplanned,153,2.55,0.0,2.55,0.0,0.0,2.55,0,0,2.55,0.0,0.0,0.0,0.0,0.0,0.0,0.0,19,78,0.0,0.0,0,0.0,0.0,0.0,0.0,0.0,0.0,0.0,OPERA,Supply Chain,Manufacturing
FIPCO00I,FIPCO00I_Cartoner,206.0,MX11,,Full OPERA,PACK,OC,TPST,OralCare,Equipment,,Packs,TFS80-6,000000000061038725,61038725,OFT 38FR_3.0oz_12_2P_Size,CS,24.0,24.0,24.0,108433948.0,108433948.0,210.0,CS,2025-02-07 02:17:18.000 -0500,2025-02-08 03:28:39.000 -0500,PLANNED,Cleaning and Sanitation,C&S,ALL,ALL,Shift2,2025-02-07 14:00:00.000 -0500,2025-02-07 21:29:59.000 -0500,450.0,C,False,2025-02-07,2025-02-01,2025-01-01,2025-01-01,12.0,"Mexico, Mission Hills",Y,MX,Mexico,MFG,37980,MX03,Strategic,20.9817163,-100.4223264,LA,Latin America,LA,Latin America,Plant Decision,849,14.15,0.0,14.15,0.0,14.15,0.0,0,0,0.0,0.0,0.0,0.0,0.0,0.0,0.0,0.0,19,78,0.0,0.0,0,0.0,14.15,0.0,0.0,0.0,0.0,0.0,OPERA,Supply Chain,Manufacturing
FIPCO004,FIPCO004_CasePacker,146.0,MX11,,Full OPERA,PACK,OC,TPST,OralCare,Equipment,,Low Complexity,TFS80-6,000000000000151105,151105,OFT 25FZ_2.5oz_24_Size,CS,24.0,24.0,24.0,108433946.0,108433946.0,18.75,CS,2025-02-07 14:04:19.000 -0500,2025-02-09 20:23:49.000 -0500,RUNNING,Running,Corriendo,Product,Product,Shift3,2025-02-07 21:30:00.000 -0500,2025-02-08 05:59:59.000 -0500,510.0,A,False,2025-02-07,2025-02-01,2025-01-01,2025-01-01,24.0,"Mexico, Mission Hills",Y,MX,Mexico,MFG,37980,MX03,Strategic,20.9817163,-100.4223264,LA,Latin America,LA,Latin America,Runtime,9343,155.716666,0.0,155.716666,0.0,0.0,155.716666,0,0,0.0,155.716666,0.0,0.0,0.0,0.0,0.0,0.0,19,78,0.0,0.0,0,0.0,0.0,0.0,0.0,0.0,0.0,0.0,OPERA,Supply Chain,Manufacturing
FIPCO002,FIPCO002_CasePacker,165.0,MX11,,Full OPERA,PACK,OC,TPST,OralCare,Equipment,,Secondary Line,TFS80-6,FMX03180C,FMX03180C,OFT 32FT_100ml_72_Size,CS,72.0,72.0,72.0,108429892.0,108429892.0,6.079999924,CS,2025-02-05 00:08:14.000 -0500,2025-02-06 22:02:41.000 -0500,DOWNTIME,Unknown,Desconocido,,,Shift1,2025-02-06 06:00:00.000 -0500,2025-02-06 13:59:59.000 -0500,480.0,B,False,2025-02-06,2025-02-01,2025-01-01,2025-01-01,72.0,"Mexico, Mission Hills",Y,MX,Mexico,MFG,37980,MX03,Strategic,20.9817163,-100.4223264,LA,Latin America,LA,Latin America,Unplanned,0,0.0,0.0,0.0,114.638159333,0.0,0.0,697,0,0.0,0.0,0.0,0.0,0.0,0.0,0.0,0.0,19,78,36.684210526,8.935897436,0,0.0,0.0,0.0,0.0,0.0,0.0,0.0,OPERA,Supply Chain,Manufacturing
FIPCO001,FIPCO001_CasePacker2,309.0,MX11,,Full OPERA,PACK,OC,TPST,OralCare,Equipment,,Low Complexity,TFS80-6,MX03924A,MX03924A,OFT 25FT_50ml_144_Size,CS,144.0,144.0,144.0,108429891.0,108429891.0,3.130000114,CS,2025-02-04 15:21:14.000 -0500,,BUSINESS EXTERNAL,No Demand,No Demanda,Product,,Shift1,2025-02-05 06:00:00.000 -0500,2025-02-05 13:59:59.000 -0500,480.0,B,False,2025-02-05,2025-02-01,2025-01-01,2025-01-01,144.0,"Mexico, Mission Hills",Y,MX,Mexico,MFG,37980,MX03,Strategic,20.9817163,-100.4223264,LA,Latin America,LA,Latin America,Business External,27042,450.7,450.7,0.0,0.0,0.0,0.0,0,0,0.0,0.0,0.0,0.0,0.0,0.0,0.0,0.0,19,78,0.0,0.0,0,0.0,0.0,0.0,0.0,0.0,0.0,450.7,OPERA,Supply Chain,Manufacturing
FIPCO002,FIPCO002,162.0,MX11,,Full OPERA,PACK,OC,TPST,OralCare,Line,,Secondary Line,TFS80-6,FMX00035B,FMX00035B,OFT 38FT_150ml_72_Size,CS,72.0,72.0,72.0,108432977.0,108432977.0,5.42,CS,2025-02-06 22:02:43.000 -0500,2025-02-06 22:59:03.000 -0500,DOWNTIME,Ending order,Terminando Orden,Size,Size,Shift3,2025-02-06 21:30:00.000 -0500,2025-02-07 05:59:59.000 -0500,510.0,D,False,2025-02-06,2025-02-01,2025-01-01,2025-01-01,72.0,"Mexico, Mission Hills",Y,MX,Mexico,MFG,37980,MX03,Strategic,20.9817163,-100.4223264,LA,Latin America,LA,Latin America,Unplanned,262,4.366667,0.0,4.366667,0.0,0.0,4.366667,0,0,4.366667,0.0,0.0,0.0,0.0,0.0,0.0,0.0,19,78,0.0,0.0,0,0.0,0.0,0.0,0.0,0.0,0.0,0.0,OPERA,Supply Chain,Manufacturing
FIPCO00I,FIPCO00I_Cartoner,206.0,MX11,Adjustment,Full OPERA,PACK,OC,TPST,OralCare,Equipment,,Packs,TFS80-6,000000000061038725,61038725,OFT 38FR_3.0oz_12_2P_Size,CS,24.0,24.0,24.0,108433948.0,108433948.0,210.0,CS,2025-02-07 02:17:18.000 -0500,2025-02-08 03:28:39.000 -0500,DOWNTIME,Cinta de descarga,Cinta de descarga,ALL,ALL,Shift3,2025-02-07 21:30:00.000 -0500,2025-02-08 05:59:59.000 -0500,510.0,A,False,2025-02-07,2025-02-01,2025-01-01,2025-01-01,12.0,"Mexico, Mission Hills",Y,MX,Mexico,MFG,37980,MX03,Strategic,20.9817163,-100.4223264,LA,Latin America,LA,Latin America,Unplanned,49,0.816667,0.0,0.816667,0.0,0.0,0.816667,0,0,0.816667,0.0,0.0,0.0,0.0,0.0,0.0,0.0,19,78,0.0,0.0,0,0.0,0.0,0.0,0.0,0.0,0.0,0.0,OPERA,Supply Chain,Manufacturing
FIPCO002,FIPCO002_Cartoner,164.0,MX11,,Full OPERA,PACK,OC,TPST,OralCare,Equipment,,Secondary Line,TFS80-6,FMX00035B,FMX00035B,OFT 38FT_150ml_72_Size,CS,72.0,72.0,72.0,108432977.0,108432977.0,390.0,CS,2025-02-06 22:03:12.000 -0500,2025-02-06 22:59:08.000 -0500,WAITING,Upstream,Falta Producto,Size,Size,Shift3,2025-02-06 21:30:00.000 -0500,2025-02-07 05:59:59.000 -0500,510.0,D,False,2025-02-06,2025-02-01,2025-01-01,2025-01-01,72.0,"Mexico, Mission Hills",Y,MX,Mexico,MFG,37980,MX03,Strategic,20.9817163,-100.4223264,LA,Latin America,LA,Latin America,Waiting,196,3.266666,0.0,3.266666,0.0,0.0,3.266666,0,0,0.0,0.0,0.0,3.266666,0.0,0.0,0.0,0.0,19,78,0.0,0.0,0,0.0,0.0,0.0,0.0,0.0,0.0,0.0,OPERA,Supply Chain,Manufacturing
FIPCO00E,FIPCO00E_Bundler,177.0,MX11,,Full OPERA,PACK,OC,TPST,OralCare,Equipment,,High Complexity,TFS80-6,000000000000151114,151114,OFT 35FT_4.0oz_24_Size,CS,24.0,24.0,24.0,108432723.0,108432723.0,450.0,CS,2025-02-06 06:52:20.000 -0500,2025-02-06 20:14:53.000 -0500,RUNNING,Running,Corriendo,ALL,ALL,Shift2,2025-02-06 14:00:00.000 -0500,2025-02-06 21:29:59.000 -0500,450.0,C,False,2025-02-06,2025-02-01,2025-01-01,2025-01-01,24.0,"Mexico, Mission Hills",Y,MX,Mexico,MFG,37980,MX03,Strategic,20.9817163,-100.4223264,LA,Latin America,LA,Latin America,Runtime,13056,217.600001,0.0,217.600001,0.0,0.0,217.600001,0,0,0.0,217.600001,0.0,0.0,0.0,0.0,0.0,0.0,19,78,0.0,0.0,0,0.0,0.0,0.0,0.0,0.0,0.0,0.0,OPERA,Supply Chain,Manufacturing
FIPCO002,FIPCO002_Filler,166.0,MX11,,Full OPERA,PACK,OC,TPST,OralCare,Equipment,,Secondary Line,TFS80-6,FMX00035B,FMX00035B,OFT 38FT_150ml_72_Size,CS,72.0,72.0,72.0,108433722.0,108433722.0,390.0,CS,2025-02-06 23:03:27.000 -0500,,PLANNED,Meeting,Junta,Size,Size,Shift1,2025-02-07 06:00:00.000 -0500,2025-02-07 13:59:59.000 -0500,480.0,B,False,2025-02-07,2025-02-01,2025-01-01,2025-01-01,72.0,"Mexico, Mission Hills",Y,MX,Mexico,MFG,37980,MX03,Strategic,20.9817163,-100.4223264,LA,Latin America,LA,Latin America,Plant Decision,711,11.85,0.0,11.85,0.0,11.85,0.0,0,0,0.0,0.0,0.0,0.0,0.0,0.0,0.0,0.0,19,78,0.0,0.0,0,0.0,0.0,0.0,0.0,0.0,11.85,0.0,OPERA,Supply Chain,Manufacturing
FIPCO00E,FIPCO00E_Cartoner,178.0,MX11,Adjustment,Full OPERA,PACK,OC,TPST,OralCare,Equipment,,High Complexity,TFS80-6,000000000000156755,156755,OFT 35FT_6.0oz_24_Size,CS,24.0,24.0,24.0,108430289.0,108430289.0,450.0,CS,2025-02-05 00:04:30.000 -0500,2025-02-05 16:37:35.000 -0500,DOWNTIME,Paro operador,Paro operador,ALL,ALL,Shift1,2025-02-05 06:00:00.000 -0500,2025-02-05 13:59:59.000 -0500,480.0,B,False,2025-02-05,2025-02-01,2025-01-01,2025-01-01,24.0,"Mexico, Mission Hills",Y,MX,Mexico,MFG,37980,MX03,Strategic,20.9817163,-100.4223264,LA,Latin America,LA,Latin America,Unplanned,49,0.816667,0.0,0.816667,0.0,0.0,0.816667,0,0,0.816667,0.0,0.0,0.0,0.0,0.0,0.0,0.0,19,78,0.0,0.0,0,0.0,0.0,0.0,0.0,0.0,0.0,0.0,OPERA,Supply Chain,Manufacturing
FIPCO00E,FIPCO00E_Filler,180.0,MX11,,Full OPERA,PACK,OC,TPST,OralCare,Equipment,,High Complexity,TFS80-6,000000000000151406,151406,OFT 35FT_4.0oz_24_Size,CS,24.0,24.0,24.0,108433622.0,108433622.0,450.0,CS,2025-02-06 20:15:08.000 -0500,2025-02-07 13:06:17.000 -0500,CHANGE OVER,Product,Producto,Product,Product,Shift2,2025-02-06 14:00:00.000 -0500,2025-02-06 21:29:59.000 -0500,450.0,C,False,2025-02-06,2025-02-01,2025-01-01,2025-01-01,24.0,"Mexico, Mission Hills",Y,MX,Mexico,MFG,37980,MX03,Strategic,20.9817163,-100.4223264,LA,Latin America,LA,Latin America,Plant Decision,2117,35.283333,0.0,35.283333,0.0,35.283333,0.0,0,0,0.0,0.0,0.0,0.0,0.0,0.0,0.0,0.0,19,78,0.0,0.0,1,35.283333,0.0,0.0,0.0,0.0,0.0,0.0,OPERA,Supply Chain,Manufacturing
FIPCO004,FIPCO004_Filler,143.0,MX11,,Full OPERA,PACK,OC,TPST,OralCare,Equipment,,Low Complexity,TFS80-6,000000000000151106,151106,OFT 25FZ_2.5oz_24_Size,CS,24.0,24.0,24.0,108433945.0,108433945.0,450.0,CS,2025-02-07 00:07:52.000 -0500,2025-02-07 13:58:36.000 -0500,CHANGE OVER,Product,Producto,Size,Size,Shift1,2025-02-07 06:00:00.000 -0500,2025-02-07 13:59:59.000 -0500,480.0,B,False,2025-02-07,2025-02-01,2025-01-01,2025-01-01,24.0,"Mexico, Mission Hills",Y,MX,Mexico,MFG,37980,MX03,Strategic,20.9817163,-100.4223264,LA,Latin America,LA,Latin America,Plant Decision,509,8.483333,0.0,8.483333,0.0,8.483333,0.0,0,0,0.0,0.0,0.0,0.0,0.0,0.0,0.0,0.0,19,78,0.0,0.0,0,0.0,0.0,0.0,0.0,0.0,0.0,0.0,OPERA,Supply Chain,Manufacturing
FIPCO00G,FIPCO00G_Cartoner,192.0,MX11,,Full OPERA,PACK,OC,TPST,OralCare,Equipment,,Packs,TFS80-6,000000000061028649,61028649,OFT 35FT_115ml_36_2P_Size,CS,72.0,72.0,72.0,108431439.0,108431439.0,210.0,CS,2025-02-05 19:17:20.000 -0500,,WAITING,Downstream,Acumulación,ALL,ALL,Shift3,2025-02-05 21:30:00.000 -0500,2025-02-06 05:59:59.000 -0500,510.0,D,False,2025-02-05,2025-02-01,2025-01-01,2025-01-01,36.0,"Mexico, Mission Hills",Y,MX,Mexico,MFG,37980,MX03,Strategic,20.9817163,-100.4223264,LA,Latin America,LA,Latin America,Waiting,1362,22.700001,0.0,22.700001,0.0,0.0,22.700001,0,0,0.0,0.0,0.0,22.700001,0.0,0.0,0.0,0.0,19,78,0.0,0.0,0,0.0,0.0,0.0,0.0,0.0,0.0,0.0,OPERA,Supply Chain,Manufacturing
FIPCO00F,FIPCO00F_Cartoner,185.0,MX11,,Full OPERA,PACK,OC,TPST,OralCare,Equipment,,Packs,TFS80-6,FMX03179D,FMX03179D,OFT 28FT_75ml_72_Size,CS,72.0,72.0,72.0,108430290.0,108430290.0,450.0,CS,2025-02-05 04:12:19.000 -0500,2025-02-07 13:20:31.000 -0500,WAITING,Upstream,Falta Producto,Product,Product,Shift1,2025-02-05 06:00:00.000 -0500,2025-02-05 13:59:59.000 -0500,480.0,B,False,2025-02-05,2025-02-01,2025-01-01,2025-01-01,72.0,"Mexico, Mission Hills",Y,MX,Mexico,MFG,37980,MX03,Strategic,20.9817163,-100.4223264,LA,Latin America,LA,Latin America,Waiting,2907,48.450002,0.0,48.450002,0.0,0.0,48.450002,0,0,0.0,0.0,0.0,48.450002,0.0,0.0,0.0,0.0,19,78,0.0,0.0,0,0.0,0.0,0.0,0.0,0.0,0.0,0.0,OPERA,Supply Chain,Manufacturing
FIPCO00I,FIPCO00I_Bundler,205.0,MX11,,Full OPERA,PACK,OC,TPST,OralCare,Equipment,,Packs,TFS80-6,000000000061038725,61038725,OFT 38FR_3.0oz_12_2P_Size,CS,24.0,24.0,24.0,108433948.0,108433948.0,210.0,CS,2025-02-07 02:17:18.000 -0500,2025-02-08 03:28:39.000 -0500,RUNNING,Running,Corriendo,ALL,ALL,Shift3,2025-02-07 21:30:00.000 -0500,2025-02-08 05:59:59.000 -0500,510.0,A,False,2025-02-07,2025-02-01,2025-01-01,2025-01-01,12.0,"Mexico, Mission Hills",Y,MX,Mexico,MFG,37980,MX03,Strategic,20.9817163,-100.4223264,LA,Latin America,LA,Latin America,Runtime,4807,80.116666,0.0,80.116666,0.0,0.0,80.116666,0,0,0.0,80.116666,0.0,0.0,0.0,0.0,0.0,0.0,19,78,0.0,0.0,0,0.0,0.0,0.0,0.0,0.0,0.0,0.0,OPERA,Supply Chain,Manufacturing
FIPCO00E,FIPCO00E_Palletizer,181.0,MX11,,Full OPERA,PACK,OC,TPST,OralCare,Equipment,,High Complexity,TFS80-6,000000000000151114,151114,OFT 35FT_4.0oz_24_Size,CS,24.0,24.0,24.0,108432723.0,108432723.0,18.75,CS,2025-02-06 06:52:21.000 -0500,2025-02-06 20:14:53.000 -0500,DOWNTIME,Unknown,Desconocido,,,Shift1,2025-02-06 06:00:00.000 -0500,2025-02-06 13:59:59.000 -0500,480.0,B,False,2025-02-06,2025-02-01,2025-01-01,2025-01-01,24.0,"Mexico, Mission Hills",Y,MX,Mexico,MFG,37980,MX03,Strategic,20.9817163,-100.4223264,LA,Latin America,LA,Latin America,Unplanned,0,0.0,0.0,0.0,196.0,0.0,0.0,3675,0,0.0,0.0,0.0,0.0,0.0,0.0,0.0,0.0,19,78,193.421052632,47.115384615,0,0.0,0.0,0.0,0.0,0.0,0.0,0.0,OPERA,Supply Chain,Manufacturing
FIPCO003,FIPCO003_Cartoner,171.0,MX11,,Full OPERA,PACK,OC,TPST,OralCare,Equipment,,High Complexity,TFS80-6,000000000061001979,61001979,OFT 38FR_100ml_72_Size,CS,72.0,72.0,72.0,108427066.0,108427066.0,450.0,CS,2025-02-04 17:47:52.000 -0500,2025-02-05 10:18:42.000 -0500,DOWNTIME,Paro en Empaque,Paro En Empaque,ALL,ALL,Shift1,2025-02-05 06:00:00.000 -0500,2025-02-05 13:59:59.000 -0500,480.0,B,False,2025-02-05,2025-02-01,2025-01-01,2025-01-01,72.0,"Mexico, Mission Hills",Y,MX,Mexico,MFG,37980,MX03,Strategic,20.9817163,-100.4223264,LA,Latin America,LA,Latin America,Unplanned,1223,20.383334,0.0,20.383334,0.0,0.0,20.383334,0,0,20.383334,0.0,0.0,0.0,0.0,0.0,0.0,0.0,19,78,0.0,0.0,0,0.0,0.0,0.0,0.0,0.0,0.0,0.0,OPERA,Supply Chain,Manufacturing
FIPCO00H,FIPCO00H_CasePacker,200.0,MX11,,Full OPERA,PACK,OC,TPST,OralCare,Equipment,,Secondary Line,TFS80-6,FMX05611,FMX05611,OFT 35FT_125ml_48_Size,CS,48.0,48.0,48.0,108430843.0,108430843.0,9.380000114,CS,2025-02-05 03:02:04.000 -0500,2025-02-06 09:33:24.000 -0500,DOWNTIME,Unknown,Desconocido,,,Shift1,2025-02-06 06:00:00.000 -0500,2025-02-06 13:59:59.000 -0500,480.0,B,False,2025-02-06,2025-02-01,2025-01-01,2025-01-01,48.0,"Mexico, Mission Hills",Y,MX,Mexico,MFG,37980,MX03,Strategic,20.9817163,-100.4223264,LA,Latin America,LA,Latin America,Unplanned,0,0.0,0.0,0.0,52.98507398,0.0,0.0,497,0,0.0,0.0,0.0,0.0,0.0,0.0,0.0,0.0,19,78,26.157894737,6.371794872,0,0.0,0.0,0.0,0.0,0.0,0.0,0.0,OPERA,Supply Chain,Manufacturing
FIPCO00I,FIPCO00I_Bundler,205.0,MX11,,Full OPERA,PACK,OC,TPST,OralCare,Equipment,,Packs,TFS80-6,000000000061019476,61019476,OFT 38FT_6.0oz_24_Size,CS,24.0,24.0,24.0,108429895.0,108429895.0,402.0,CS,2025-02-05 04:56:58.000 -0500,2025-02-07 02:16:42.000 -0500,CHANGE OVER,ALL,Todo,ALL,ALL,Shift3,2025-02-06 21:30:00.000 -0500,2025-02-07 05:59:59.000 -0500,510.0,D,False,2025-02-06,2025-02-01,2025-01-01,2025-01-01,24.0,"Mexico, Mission Hills",Y,MX,Mexico,MFG,37980,MX03,Strategic,20.9817163,-100.4223264,LA,Latin America,LA,Latin America,Plant Decision,2269,37.816667,0.0,37.816667,0.0,37.816667,0.0,0,0,0.0,0.0,0.0,0.0,0.0,0.0,0.0,0.0,19,78,0.0,0.0,0,0.0,0.0,0.0,0.0,0.0,0.0,0.0,OPERA,Supply Chain,Manufacturing
FIPCO009,FIPCO009_Filler,152.0,MX11,Breakdown,Full OPERA,PACK,OC,TPST,OralCare,Equipment,,High Complexity,TFS80-6,MX05316A,MX05316A,OFT 38FR_4.0oz_24_Size,CS,24.0,24.0,24.0,108430841.0,108430841.0,450.0,CS,2025-02-05 09:02:46.000 -0500,2025-02-06 14:17:21.000 -0500,COMMON DOWNTIMES,Other,Otros,ALL,ALL,Shift2,2025-02-05 14:00:00.000 -0500,2025-02-05 21:29:59.000 -0500,450.0,C,False,2025-02-05,2025-02-01,2025-01-01,2025-01-01,24.0,"Mexico, Mission Hills",Y,MX,Mexico,MFG,37980,MX03,Strategic,20.9817163,-100.4223264,LA,Latin America,LA,Latin America,Unplanned,629,10.483333,0.0,10.483333,0.0,0.0,10.483333,0,0,10.483333,0.0,0.0,0.0,0.0,0.0,0.0,0.0,19,78,0.0,0.0,0,0.0,0.0,0.0,0.0,0.0,0.0,0.0,OPERA,Supply Chain,Manufacturing
FIPCO009,FIPCO009_CasePacker,151.0,MX11,Adjustment,Full OPERA,PACK,OC,TPST,OralCare,Equipment,,High Complexity,TFS80-6,000000000061045447,61045447,OFT 38FR_170ml_24 Size,CS,24.0,24.0,24.0,108432764.0,108432764.0,16.75,CS,2025-02-06 14:17:53.000 -0500,2025-02-08 01:08:30.000 -0500,DOWNTIME,Cadena de avance,Cadena de avance,ALL,ALL,Shift1,2025-02-07 06:00:00.000 -0500,2025-02-07 13:59:59.000 -0500,480.0,B,False,2025-02-07,2025-02-01,2025-01-01,2025-01-01,24.0,"Mexico, Mission Hills",Y,MX,Mexico,MFG,37980,MX03,Strategic,20.9817163,-100.4223264,LA,Latin America,LA,Latin America,Unplanned,88,1.466667,0.0,1.466667,0.0,0.0,1.466667,0,0,1.466667,0.0,0.0,0.0,0.0,0.0,0.0,0.0,19,78,0.0,0.0,0,0.0,0.0,0.0,0.0,0.0,0.0,0.0,OPERA,Supply Chain,Manufacturing
FIPCO009,FIPCO009_Filler,152.0,MX11,,Full OPERA,PACK,OC,TPST,OralCare,Equipment,,High Complexity,TFS80-6,MX05316A,MX05316A,OFT 38FR_4.0oz_24_Size,CS,24.0,24.0,24.0,108430841.0,108430841.0,450.0,CS,2025-02-05 09:02:46.000 -0500,2025-02-06 14:17:21.000 -0500,RUNNING,Running,Corriendo,ALL,ALL,Shift2,2025-02-05 14:00:00.000 -0500,2025-02-05 21:29:59.000 -0500,450.0,C,False,2025-02-05,2025-02-01,2025-01-01,2025-01-01,24.0,"Mexico, Mission Hills",Y,MX,Mexico,MFG,37980,MX03,Strategic,20.9817163,-100.4223264,LA,Latin America,LA,Latin America,Runtime,4841,80.683335,0.0,80.683335,0.0,0.0,80.683335,0,0,0.0,80.683335,0.0,0.0,0.0,0.0,0.0,0.0,19,78,0.0,0.0,0,0.0,0.0,0.0,0.0,0.0,0.0,0.0,OPERA,Supply Chain,Manufacturing
FIPCO00J,FIPCO00J_Filler,769.0,MX11,Breakdown,Full OPERA,PACK,OC,TPST,OralCare,Equipment,,Packs,TFS80-6,000000000061012223,61012223,OFT 28FT_60ml_24_3P_Size,CS,72.0,72.0,72.0,108427065.0,108427065.0,450.0,CS,2025-02-05 07:07:27.000 -0500,,DOWNTIME,paro operador,Paro operador,ALL,ALL,Shift2,2025-02-07 14:00:00.000 -0500,2025-02-07 21:29:59.000 -0500,450.0,C,False,2025-02-07,2025-02-01,2025-01-01,2025-01-01,24.0,"Mexico, Mission Hills",Y,MX,Mexico,MFG,37980,MX03,Strategic,20.9817163,-100.4223264,LA,Latin America,LA,Latin America,Unplanned,108,1.799999,0.0,1.799999,0.0,0.0,1.799999,0,0,1.799999,0.0,0.0,0.0,0.0,0.0,0.0,0.0,19,78,0.0,0.0,0,0.0,0.0,0.0,0.0,0.0,0.0,0.0,OPERA,Supply Chain,Manufacturing
FIPCO00I,FIPCO00I_Cartoner,206.0,MX11,,Full OPERA,PACK,OC,TPST,OralCare,Equipment,,Packs,TFS80-6,000000000061019476,61019476,OFT 38FT_6.0oz_24_Size,CS,24.0,24.0,24.0,108429895.0,108429895.0,402.0,CS,2025-02-05 04:56:58.000 -0500,2025-02-07 02:16:42.000 -0500,RUNNING,Running,Corriendo,ALL,ALL,Shift3,2025-02-06 21:30:00.000 -0500,2025-02-07 05:59:59.000 -0500,510.0,D,False,2025-02-06,2025-02-01,2025-01-01,2025-01-01,24.0,"Mexico, Mission Hills",Y,MX,Mexico,MFG,37980,MX03,Strategic,20.9817163,-100.4223264,LA,Latin America,LA,Latin America,Runtime,10312,171.866667,0.0,171.866667,0.0,0.0,171.866667,0,0,0.0,171.866667,0.0,0.0,0.0,0.0,0.0,0.0,19,78,0.0,0.0,0,0.0,0.0,0.0,0.0,0.0,0.0,0.0,OPERA,Supply Chain,Manufacturing
FIPCO00E,FIPCO00E_Cartoner,178.0,MX11,,Full OPERA,PACK,OC,TPST,OralCare,Equipment,,High Complexity,TFS80-6,000000000000151093,151093,OFT 35FT_6.0oz_24_Size,CS,24.0,24.0,24.0,108431438.0,108431438.0,450.0,CS,2025-02-05 16:38:05.000 -0500,2025-02-06 06:51:16.000 -0500,RUNNING,Running,Corriendo,Product,Product,Shift2,2025-02-05 14:00:00.000 -0500,2025-02-05 21:29:59.000 -0500,450.0,C,False,2025-02-05,2025-02-01,2025-01-01,2025-01-01,24.0,"Mexico, Mission Hills",Y,MX,Mexico,MFG,37980,MX03,Strategic,20.9817163,-100.4223264,LA,Latin America,LA,Latin America,Runtime,3299,54.983334,0.0,54.983334,0.0,0.0,54.983334,0,0,0.0,54.983334,0.0,0.0,0.0,0.0,0.0,0.0,19,78,0.0,0.0,0,0.0,0.0,0.0,0.0,0.0,0.0,0.0,OPERA,Supply Chain,Manufacturing
FIPCO00H,FIPCO00H_CasePacker,200.0,MX11,,Full OPERA,PACK,OC,TPST,OralCare,Equipment,,Secondary Line,TFS80-6,MX02080D,MX02080D,OFT 35FR_75ml_48_Size,CS,48.0,48.0,48.0,108432978.0,108432978.0,9.380000114,CS,2025-02-06 09:34:17.000 -0500,2025-02-07 13:38:44.000 -0500,DOWNTIME,Unknown,Desconocido,,,Shift1,2025-02-07 06:00:00.000 -0500,2025-02-07 13:59:59.000 -0500,480.0,B,False,2025-02-07,2025-02-01,2025-01-01,2025-01-01,48.0,"Mexico, Mission Hills",Y,MX,Mexico,MFG,37980,MX03,Strategic,20.9817163,-100.4223264,LA,Latin America,LA,Latin America,Unplanned,0,0.0,0.0,0.0,208.31556249,0.0,0.0,1954,0,0.0,0.0,0.0,0.0,0.0,0.0,0.0,0.0,19,78,102.842105263,25.051282051,0,0.0,0.0,0.0,0.0,0.0,0.0,0.0,OPERA,Supply Chain,Manufacturing
FIPCO004,FIPCO004_Cartoner,145.0,MX11,,Full OPERA,PACK,OC,TPST,OralCare,Equipment,,Low Complexity,TFS80-6,MX07159A,MX07159A,OFT 25FT_2.2oz_24_Size,CS,24.0,24.0,24.0,108429893.0,108429893.0,450.0,CS,2025-02-06 06:08:36.000 -0500,2025-02-07 00:07:28.000 -0500,PLANNED,Cleaning and Sanitation,C&S,Product,Product,Shift2,2025-02-06 14:00:00.000 -0500,2025-02-06 21:29:59.000 -0500,450.0,C,False,2025-02-06,2025-02-01,2025-01-01,2025-01-01,24.0,"Mexico, Mission Hills",Y,MX,Mexico,MFG,37980,MX03,Strategic,20.9817163,-100.4223264,LA,Latin America,LA,Latin America,Plant Decision,426,7.1,0.0,7.1,0.0,7.1,0.0,0,0,0.0,0.0,0.0,0.0,0.0,0.0,0.0,0.0,19,78,0.0,0.0,0,0.0,7.1,0.0,0.0,0.0,0.0,0.0,OPERA,Supply Chain,Manufacturing
FIPCO004,FIPCO004_Bundler,144.0,MX11,,Full OPERA,PACK,OC,TPST,OralCare,Equipment,,Low Complexity,TFS80-6,MX06994A,MX06994A,OFT_25FT_2.0oz_24_Size,CS,24.0,24.0,24.0,108432488.0,108432488.0,450.0,CS,2025-02-05 18:14:56.000 -0500,2025-02-06 06:08:02.000 -0500,DOWNTIME,Unknown,Desconocido,,,Shift3,2025-02-05 21:30:00.000 -0500,2025-02-06 05:59:59.000 -0500,510.0,D,False,2025-02-05,2025-02-01,2025-01-01,2025-01-01,24.0,"Mexico, Mission Hills",Y,MX,Mexico,MFG,37980,MX03,Strategic,20.9817163,-100.4223264,LA,Latin America,LA,Latin America,Unplanned,0,0.0,0.0,0.0,34.631111111,0.0,0.0,15584,0,0.0,0.0,0.0,0.0,0.0,0.0,0.0,0.0,19,78,820.210526316,199.794871795,0,0.0,0.0,0.0,0.0,0.0,0.0,0.0,OPERA,Supply Chain,Manufacturing
FIPCO009,FIPCO009_CasePacker,151.0,MX11,,Full OPERA,PACK,OC,TPST,OralCare,Equipment,,High Complexity,TFS80-6,000000000061044255,61044255,OFT 38FR_120ml_24_Size,CS,24.0,24.0,24.0,108430288.0,108430288.0,18.75,CS,2025-02-04 16:06:17.000 -0500,2025-02-05 09:01:41.000 -0500,WAITING,Downstream,Acumulación,ALL,ALL,Shift1,2025-02-05 06:00:00.000 -0500,2025-02-05 13:59:59.000 -0500,480.0,B,False,2025-02-05,2025-02-01,2025-01-01,2025-01-01,24.0,"Mexico, Mission Hills",Y,MX,Mexico,MFG,37980,MX03,Strategic,20.9817163,-100.4223264,LA,Latin America,LA,Latin America,Waiting,295,4.916667,0.0,4.916667,0.0,0.0,4.916667,0,0,0.0,0.0,0.0,4.916667,0.0,0.0,0.0,0.0,19,78,0.0,0.0,0,0.0,0.0,0.0,0.0,0.0,0.0,0.0,OPERA,Supply Chain,Manufacturing
FIPCO001,FIPCO001_Filler,159.0,MX11,,Full OPERA,PACK,OC,TPST,OralCare,Equipment,,Low Complexity,TFS80-6,000000000061039400,61039400,OFT 25FT_50ml_144_Size,CS,144.0,144.0,144.0,108435845.0,108435845.0,450.0,CS,2025-02-07 20:02:50.000 -0500,2025-02-10 07:14:24.000 -0500,COMMON DOWNTIMES,Lack of Cream / Change Feeding,Falta de crema/Cambio alimentación,Product,Product,Shift3,2025-02-07 21:30:00.000 -0500,2025-02-08 05:59:59.000 -0500,510.0,A,False,2025-02-07,2025-02-01,2025-01-01,2025-01-01,144.0,"Mexico, Mission Hills",Y,MX,Mexico,MFG,37980,MX03,Strategic,20.9817163,-100.4223264,LA,Latin America,LA,Latin America,Unplanned,734,12.233333,0.0,12.233333,0.0,0.0,12.233333,0,0,12.233333,0.0,0.0,0.0,0.0,0.0,0.0,0.0,19,78,0.0,0.0,0,0.0,0.0,0.0,0.0,0.0,0.0,0.0,OPERA,Supply Chain,Manufacturing
FIPCO00H,FIPCO00H_CasePacker,200.0,MX11,,Full OPERA,PACK,OC,TPST,OralCare,Equipment,,Secondary Line,TFS80-6,MX02080D,MX02080D,OFT 35FR_75ml_48_Size,CS,48.0,48.0,48.0,108432978.0,108432978.0,9.380000114,CS,2025-02-06 09:34:17.000 -0500,2025-02-07 13:38:44.000 -0500,PLANNED,Cleaning and Sanitation,C&S,ALL,ALL,Shift3,2025-02-06 21:30:00.000 -0500,2025-02-07 05:59:59.000 -0500,510.0,D,False,2025-02-06,2025-02-01,2025-01-01,2025-01-01,48.0,"Mexico, Mission Hills",Y,MX,Mexico,MFG,37980,MX03,Strategic,20.9817163,-100.4223264,LA,Latin America,LA,Latin America,Plant Decision,587,9.783333,0.0,9.783333,0.0,9.783333,0.0,0,0,0.0,0.0,0.0,0.0,0.0,0.0,0.0,0.0,19,78,0.0,0.0,0,0.0,9.783333,0.0,0.0,0.0,0.0,0.0,OPERA,Supply Chain,Manufacturing
FIPCO00I,FIPCO00I_Filler,208.0,MX11,,Full OPERA,PACK,OC,TPST,OralCare,Equipment,,Packs,TFS80-6,000000000061019476,61019476,OFT 38FT_6.0oz_24_Size,CS,24.0,24.0,24.0,108429895.0,108429895.0,402.0,CS,2025-02-05 04:56:58.000 -0500,2025-02-07 02:16:42.000 -0500,DOWNTIME,Ending order,Terminando Orden,ALL,ALL,Shift3,2025-02-06 21:30:00.000 -0500,2025-02-07 05:59:59.000 -0500,510.0,D,False,2025-02-06,2025-02-01,2025-01-01,2025-01-01,24.0,"Mexico, Mission Hills",Y,MX,Mexico,MFG,37980,MX03,Strategic,20.9817163,-100.4223264,LA,Latin America,LA,Latin America,Unplanned,18,0.3,0.0,0.3,0.0,0.0,0.3,0,0,0.3,0.0,0.0,0.0,0.0,0.0,0.0,0.0,19,78,0.0,0.0,0,0.0,0.0,0.0,0.0,0.0,0.0,0.0,OPERA,Supply Chain,Manufacturing
FIPCO009,FIPCO009_Filler,152.0,MX11,,Full OPERA,PACK,OC,TPST,OralCare,Equipment,,High Complexity,TFS80-6,000000000061044255,61044255,OFT 38FR_120ml_24_Size,CS,24.0,24.0,24.0,108430288.0,108430288.0,450.0,CS,2025-02-04 16:06:17.000 -0500,2025-02-05 09:01:41.000 -0500,DOWNTIME,Nivel de tanque A B C,Nivel de tanque A B C,ALL,ALL,Shift1,2025-02-05 06:00:00.000 -0500,2025-02-05 13:59:59.000 -0500,480.0,B,False,2025-02-05,2025-02-01,2025-01-01,2025-01-01,24.0,"Mexico, Mission Hills",Y,MX,Mexico,MFG,37980,MX03,Strategic,20.9817163,-100.4223264,LA,Latin America,LA,Latin America,Unplanned,258,4.3,0.0,4.3,0.0,0.0,4.3,0,0,4.3,0.0,0.0,0.0,0.0,0.0,0.0,0.0,19,78,0.0,0.0,0,0.0,0.0,0.0,0.0,0.0,0.0,0.0,OPERA,Supply Chain,Manufacturing
FIPCO003,FIPCO003,169.0,MX11,,Full OPERA,PACK,OC,TPST,OralCare,Line,,High Complexity,TFS80-6,MX05532A,MX05532A,OFT 38FR_125ml_48_Size,CS,48.0,48.0,48.0,108433621.0,108433621.0,9.38,CS,2025-02-06 18:16:14.000 -0500,2025-02-08 00:18:07.000 -0500,DOWNTIME,Filler,LLenadora,ALL,ALL,Shift3,2025-02-06 21:30:00.000 -0500,2025-02-07 05:59:59.000 -0500,510.0,D,False,2025-02-06,2025-02-01,2025-01-01,2025-01-01,48.0,"Mexico, Mission Hills",Y,MX,Mexico,MFG,37980,MX03,Strategic,20.9817163,-100.4223264,LA,Latin America,LA,Latin America,Unplanned,2818,46.966667,0.0,46.966667,0.0,0.0,46.966667,0,0,46.966667,0.0,0.0,0.0,0.0,0.0,0.0,0.0,19,78,0.0,0.0,0,0.0,0.0,0.0,0.0,0.0,0.0,0.0,OPERA,Supply Chain,Manufacturing
FIPCO00I,FIPCO00I_Cartoner,206.0,MX11,Adjustment,Full OPERA,PACK,OC,TPST,OralCare,Equipment,,Packs,TFS80-6,000000000061019476,61019476,OFT 38FT_6.0oz_24_Size,CS,24.0,24.0,24.0,108429895.0,108429895.0,402.0,CS,2025-02-05 04:56:58.000 -0500,2025-02-07 02:16:42.000 -0500,DOWNTIME,Sistema de cola,Sistema de cola,ALL,ALL,Shift1,2025-02-05 06:00:00.000 -0500,2025-02-05 13:59:59.000 -0500,480.0,B,False,2025-02-05,2025-02-01,2025-01-01,2025-01-01,24.0,"Mexico, Mission Hills",Y,MX,Mexico,MFG,37980,MX03,Strategic,20.9817163,-100.4223264,LA,Latin America,LA,Latin America,Unplanned,824,13.733334,0.0,13.733334,0.0,0.0,13.733334,0,0,13.733334,0.0,0.0,0.0,0.0,0.0,0.0,0.0,19,78,0.0,0.0,0,0.0,0.0,0.0,0.0,0.0,0.0,0.0,OPERA,Supply Chain,Manufacturing
FIPCO009,FIPCO009_Bundler,149.0,MX11,,Full OPERA,PACK,OC,TPST,OralCare,Equipment,,High Complexity,TFS80-6,000000000061045447,61045447,OFT 38FR_170ml_24 Size,CS,24.0,24.0,24.0,108432764.0,108432764.0,402.0,CS,2025-02-06 14:17:55.000 -0500,2025-02-08 01:08:30.000 -0500,RUNNING,Running,Corriendo,ALL,ALL,Shift1,2025-02-07 06:00:00.000 -0500,2025-02-07 13:59:59.000 -0500,480.0,B,False,2025-02-07,2025-02-01,2025-01-01,2025-01-01,24.0,"Mexico, Mission Hills",Y,MX,Mexico,MFG,37980,MX03,Strategic,20.9817163,-100.4223264,LA,Latin America,LA,Latin America,Runtime,18965,316.083336,0.0,316.083336,0.0,0.0,316.083336,0,0,0.0,316.083336,0.0,0.0,0.0,0.0,0.0,0.0,19,78,0.0,0.0,0,0.0,0.0,0.0,0.0,0.0,0.0,0.0,OPERA,Supply Chain,Manufacturing
FIPCO00I,FIPCO00I,204.0,MX11,,Full OPERA,PACK,OC,TPST,OralCare,Line,,Packs,TFS80-6,000000000061038725,61038725,OFT 38FR_3.0oz_12_2P_Size,CS,24.0,24.0,24.0,108433948.0,108433948.0,17.5,CS,2025-02-07 02:16:44.000 -0500,2025-02-08 03:28:26.000 -0500,RUNNING,Running,Corriendo,ALL,ALL,Shift3,2025-02-07 21:30:00.000 -0500,2025-02-08 05:59:59.000 -0500,510.0,A,False,2025-02-07,2025-02-01,2025-01-01,2025-01-01,12.0,"Mexico, Mission Hills",Y,MX,Mexico,MFG,37980,MX03,Strategic,20.9817163,-100.4223264,LA,Latin America,LA,Latin America,Runtime,4515,75.249998,0.0,75.249998,0.0,0.0,75.249998,0,0,0.0,75.249998,0.0,0.0,0.0,0.0,0.0,0.0,19,78,0.0,0.0,0,0.0,0.0,0.0,0.0,0.0,0.0,0.0,OPERA,Supply Chain,Manufacturing
FIPCO00F,FIPCO00F_Filler,187.0,MX11,,Full OPERA,PACK,OC,TPST,OralCare,Equipment,,Packs,TFS80-6,FMX03179D,FMX03179D,OFT 28FT_75ml_72_Size,CS,72.0,72.0,72.0,108430290.0,108430290.0,450.0,CS,2025-02-05 04:12:19.000 -0500,2025-02-07 13:20:32.000 -0500,RUNNING,Running,Corriendo,Product,Product,Shift3,2025-02-06 21:30:00.000 -0500,2025-02-07 05:59:59.000 -0500,510.0,D,False,2025-02-06,2025-02-01,2025-01-01,2025-01-01,72.0,"Mexico, Mission Hills",Y,MX,Mexico,MFG,37980,MX03,Strategic,20.9817163,-100.4223264,LA,Latin America,LA,Latin America,Runtime,22814,380.233334,0.0,380.233334,0.0,0.0,380.233334,0,0,0.0,380.233334,0.0,0.0,0.0,0.0,0.0,0.0,19,78,0.0,0.0,0,0.0,0.0,0.0,0.0,0.0,0.0,0.0,OPERA,Supply Chain,Manufacturing
FIPCO00I,FIPCO00I,204.0,MX11,,Full OPERA,PACK,OC,TPST,OralCare,Line,,Packs,TFS80-6,000000000061019476,61019476,OFT 38FT_6.0oz_24_Size,CS,24.0,24.0,24.0,108429895.0,108429895.0,16.75,CS,2025-02-05 04:56:34.000 -0500,2025-02-07 02:16:31.000 -0500,DOWNTIME,Bundler,Empaquetadora,Product,Product,Shift2,2025-02-06 14:00:00.000 -0500,2025-02-06 21:29:59.000 -0500,450.0,C,False,2025-02-06,2025-02-01,2025-01-01,2025-01-01,24.0,"Mexico, Mission Hills",Y,MX,Mexico,MFG,37980,MX03,Strategic,20.9817163,-100.4223264,LA,Latin America,LA,Latin America,Unplanned,2228,37.133331,0.0,37.133331,0.0,0.0,37.133331,0,0,37.133331,0.0,0.0,0.0,0.0,0.0,0.0,0.0,19,78,0.0,0.0,0,0.0,0.0,0.0,0.0,0.0,0.0,0.0,OPERA,Supply Chain,Manufacturing
FIPCO00H,FIPCO00H_Filler,201.0,MX11,,Full OPERA,PACK,OC,TPST,OralCare,Equipment,,Secondary Line,TFS80-6,FMX05611,FMX05611,OFT 35FT_125ml_48_Size,CS,48.0,48.0,48.0,108430843.0,108430843.0,450.0,CS,2025-02-05 03:02:04.000 -0500,2025-02-06 09:33:24.000 -0500,DOWNTIME,Unknown,Desconocido,,,Shift2,2025-02-05 14:00:00.000 -0500,2025-02-05 21:29:59.000 -0500,450.0,C,False,2025-02-05,2025-02-01,2025-01-01,2025-01-01,48.0,"Mexico, Mission Hills",Y,MX,Mexico,MFG,37980,MX03,Strategic,20.9817163,-100.4223264,LA,Latin America,LA,Latin America,Unplanned,0,0.0,0.0,0.0,286.726666667,0.0,0.0,129027,121,0.0,0.0,0.0,0.0,0.0,0.0,0.0,0.0,19,78,6790.894736842,1654.192307692,0,0.0,0.0,0.0,0.0,0.0,0.0,0.0,OPERA,Supply Chain,Manufacturing
FIPCO00E,FIPCO00E,176.0,MX11,,Full OPERA,PACK,OC,TPST,OralCare,Line,,High Complexity,TFS80-6,000000000000151093,151093,OFT 35FT_6.0oz_24_Size,CS,24.0,24.0,24.0,108431438.0,108431438.0,18.75,CS,2025-02-05 16:37:43.000 -0500,2025-02-06 06:51:09.000 -0500,CHANGE OVER,Size,Tamaño,Product,Product,Shift1,2025-02-06 06:00:00.000 -0500,2025-02-06 13:59:59.000 -0500,480.0,B,False,2025-02-06,2025-02-01,2025-01-01,2025-01-01,24.0,"Mexico, Mission Hills",Y,MX,Mexico,MFG,37980,MX03,Strategic,20.9817163,-100.4223264,LA,Latin America,LA,Latin America,Plant Decision,2972,49.533333,0.0,49.533333,0.0,49.533333,0.0,0,0,0.0,0.0,0.0,0.0,0.0,0.0,0.0,0.0,19,78,0.0,0.0,0,0.0,0.0,0.0,0.0,0.0,0.0,0.0,OPERA,Supply Chain,Manufacturing
FIPCO00J,FIPCO00J_Cartoner,767.0,MX11,,Full OPERA,PACK,OC,TPST,OralCare,Equipment,,Packs,TFS80-6,000000000061012223,61012223,OFT 28FT_60ml_24_3P_Size,CS,72.0,72.0,72.0,108427065.0,108427065.0,150.0,CS,2025-02-05 07:07:27.000 -0500,,CHANGE OVER,ALL,Todo,ALL,ALL,Shift2,2025-02-05 14:00:00.000 -0500,2025-02-05 21:29:59.000 -0500,450.0,C,False,2025-02-05,2025-02-01,2025-01-01,2025-01-01,24.0,"Mexico, Mission Hills",Y,MX,Mexico,MFG,37980,MX03,Strategic,20.9817163,-100.4223264,LA,Latin America,LA,Latin America,Plant Decision,1174,19.566667,0.0,19.566667,0.0,19.566667,0.0,0,0,0.0,0.0,0.0,0.0,0.0,0.0,0.0,0.0,19,78,0.0,0.0,1,19.566667,0.0,0.0,0.0,0.0,0.0,0.0,OPERA,Supply Chain,Manufacturing
FIPCO00G,FIPCO00G_CasePacker,193.0,MX11,,Full OPERA,PACK,OC,TPST,OralCare,Equipment,,Packs,TFS80-6,000000000061029036,61029036,OFT 28FT_66ml_36_2P Size,CS,72.0,72.0,72.0,108423546.0,108423546.0,5.829999924,CS,2025-02-05 02:42:16.000 -0500,2025-02-05 19:16:09.000 -0500,PLANNED,Cleaning and Sanitation,C&S,ALL,ALL,Shift1,2025-02-05 06:00:00.000 -0500,2025-02-05 13:59:59.000 -0500,480.0,B,False,2025-02-05,2025-02-01,2025-01-01,2025-01-01,36.0,"Mexico, Mission Hills",Y,MX,Mexico,MFG,37980,MX03,Strategic,20.9817163,-100.4223264,LA,Latin America,LA,Latin America,Plant Decision,918,15.3,0.0,15.3,0.0,15.3,0.0,0,0,0.0,0.0,0.0,0.0,0.0,0.0,0.0,0.0,19,78,0.0,0.0,0,0.0,15.3,0.0,0.0,0.0,0.0,0.0,OPERA,Supply Chain,Manufacturing
FIPCO002,FIPCO002_Cartoner,164.0,MX11,,Full OPERA,PACK,OC,TPST,OralCare,Equipment,,Secondary Line,TFS80-6,FMX03180C,FMX03180C,OFT 32FT_100ml_72_Size,CS,72.0,72.0,72.0,108429892.0,108429892.0,438.0,CS,2025-02-05 00:08:44.000 -0500,2025-02-06 22:02:41.000 -0500,COMMON DOWNTIMES,OutSpec_Tube,FueraEspec_Tubo,Packing,Packing,Shift1,2025-02-06 06:00:00.000 -0500,2025-02-06 13:59:59.000 -0500,480.0,B,False,2025-02-06,2025-02-01,2025-01-01,2025-01-01,72.0,"Mexico, Mission Hills",Y,MX,Mexico,MFG,37980,MX03,Strategic,20.9817163,-100.4223264,LA,Latin America,LA,Latin America,Unplanned,2069,34.483333,0.0,34.483333,0.0,0.0,34.483333,0,0,34.483333,0.0,0.0,0.0,0.0,0.0,0.0,0.0,19,78,0.0,0.0,0,0.0,0.0,0.0,0.0,0.0,0.0,0.0,OPERA,Supply Chain,Manufacturing
FIPCO009,FIPCO009_Filler,152.0,MX11,,Full OPERA,PACK,OC,TPST,OralCare,Equipment,,High Complexity,TFS80-6,000000000061045447,61045447,OFT 38FR_170ml_24 Size,CS,24.0,24.0,24.0,108432764.0,108432764.0,402.0,CS,2025-02-06 14:17:45.000 -0500,2025-02-08 01:08:30.000 -0500,WAITING,Downstream,Acumulación,ALL,ALL,Shift2,2025-02-07 14:00:00.000 -0500,2025-02-07 21:29:59.000 -0500,450.0,C,False,2025-02-07,2025-02-01,2025-01-01,2025-01-01,24.0,"Mexico, Mission Hills",Y,MX,Mexico,MFG,37980,MX03,Strategic,20.9817163,-100.4223264,LA,Latin America,LA,Latin America,Waiting,6868,114.466667,0.0,114.466667,0.0,0.0,114.466667,0,0,0.0,0.0,0.0,114.466667,0.0,0.0,0.0,0.0,19,78,0.0,0.0,0,0.0,0.0,0.0,0.0,0.0,0.0,0.0,OPERA,Supply Chain,Manufacturing
FIPCO00G,FIPCO00G,190.0,MX11,,Full OPERA,PACK,OC,TPST,OralCare,Line,,Packs,TFS80-6,000000000061028649,61028649,OFT 35FT_115ml_36_2P_Size,CS,72.0,72.0,72.0,108431439.0,108431439.0,5.83,CS,2025-02-05 19:16:10.000 -0500,2025-02-08 21:33:56.000 -0500,RUNNING,Running,Corriendo,ALL,ALL,Shift3,2025-02-06 21:30:00.000 -0500,2025-02-07 05:59:59.000 -0500,510.0,D,False,2025-02-06,2025-02-01,2025-01-01,2025-01-01,36.0,"Mexico, Mission Hills",Y,MX,Mexico,MFG,37980,MX03,Strategic,20.9817163,-100.4223264,LA,Latin America,LA,Latin America,Runtime,27170,452.833333,0.0,452.833333,0.0,0.0,452.833333,0,0,0.0,452.833333,0.0,0.0,0.0,0.0,0.0,0.0,19,78,0.0,0.0,0,0.0,0.0,0.0,0.0,0.0,0.0,0.0,OPERA,Supply Chain,Manufacturing
FIPCO002,FIPCO002_Cartoner,164.0,MX11,,Full OPERA,PACK,OC,TPST,OralCare,Equipment,,Secondary Line,TFS80-6,FMX00035B,FMX00035B,OFT 38FT_150ml_72_Size,CS,72.0,72.0,72.0,108433722.0,108433722.0,390.0,CS,2025-02-06 23:03:27.000 -0500,,RUNNING,Running,Corriendo,Size,Size,Shift2,2025-02-07 14:00:00.000 -0500,2025-02-07 21:29:59.000 -0500,450.0,C,False,2025-02-07,2025-02-01,2025-01-01,2025-01-01,72.0,"Mexico, Mission Hills",Y,MX,Mexico,MFG,37980,MX03,Strategic,20.9817163,-100.4223264,LA,Latin America,LA,Latin America,Runtime,15343,255.716665,0.0,255.716665,0.0,0.0,255.716665,0,0,0.0,255.716665,0.0,0.0,0.0,0.0,0.0,0.0,19,78,0.0,0.0,0,0.0,0.0,0.0,0.0,0.0,0.0,0.0,OPERA,Supply Chain,Manufacturing
FIPCO00I,FIPCO00I_CasePacker,207.0,MX11,Breakdown,Full OPERA,PACK,OC,TPST,OralCare,Equipment,,Packs,TFS80-6,000000000061019476,61019476,OFT 38FT_6.0oz_24_Size,CS,24.0,24.0,24.0,108429895.0,108429895.0,16.75,CS,2025-02-05 04:56:58.000 -0500,2025-02-07 02:16:42.000 -0500,DOWNTIME,Fallo de Pacrob,Fallo de Pacrob,ALL,ALL,Shift1,2025-02-06 06:00:00.000 -0500,2025-02-06 13:59:59.000 -0500,480.0,B,False,2025-02-06,2025-02-01,2025-01-01,2025-01-01,24.0,"Mexico, Mission Hills",Y,MX,Mexico,MFG,37980,MX03,Strategic,20.9817163,-100.4223264,LA,Latin America,LA,Latin America,Unplanned,141,2.35,0.0,2.35,0.0,0.0,2.35,0,0,2.35,0.0,0.0,0.0,0.0,0.0,0.0,0.0,19,78,0.0,0.0,0,0.0,0.0,0.0,0.0,0.0,0.0,0.0,OPERA,Supply Chain,Manufacturing
FIPCO001,FIPCO001,155.0,MX11,,Full OPERA,PACK,OC,TPST,OralCare,Line,,Low Complexity,TFS80-6,MX03924A,MX03924A,OFT 25FT_50ml_144_Size,CS,144.0,144.0,144.0,108429891.0,108429891.0,3.13,CS,2025-02-04 15:20:53.000 -0500,2025-02-07 20:02:16.000 -0500,DOWNTIME,Filler,LLenadora,Product,,Shift3,2025-02-05 21:30:00.000 -0500,2025-02-06 05:59:59.000 -0500,510.0,D,False,2025-02-05,2025-02-01,2025-01-01,2025-01-01,144.0,"Mexico, Mission Hills",Y,MX,Mexico,MFG,37980,MX03,Strategic,20.9817163,-100.4223264,LA,Latin America,LA,Latin America,Unplanned,416,6.933333,0.0,6.933333,0.0,0.0,6.933333,0,0,6.933333,0.0,0.0,0.0,0.0,0.0,0.0,0.0,19,78,0.0,0.0,0,0.0,0.0,0.0,0.0,0.0,0.0,0.0,OPERA,Supply Chain,Manufacturing
FIPCO00E,FIPCO00E,176.0,MX11,,Full OPERA,PACK,OC,TPST,OralCare,Line,,High Complexity,TFS80-6,000000000000151093,151093,OFT 35FT_6.0oz_24_Size,CS,24.0,24.0,24.0,108431438.0,108431438.0,18.75,CS,2025-02-05 16:37:43.000 -0500,2025-02-06 06:51:09.000 -0500,DOWNTIME,Filler,LLenadora,Product,Product,Shift2,2025-02-05 14:00:00.000 -0500,2025-02-05 21:29:59.000 -0500,450.0,C,False,2025-02-05,2025-02-01,2025-01-01,2025-01-01,24.0,"Mexico, Mission Hills",Y,MX,Mexico,MFG,37980,MX03,Strategic,20.9817163,-100.4223264,LA,Latin America,LA,Latin America,Unplanned,124,2.066666,0.0,2.066666,0.0,0.0,2.066666,0,0,2.066666,0.0,0.0,0.0,0.0,0.0,0.0,0.0,19,78,0.0,0.0,0,0.0,0.0,0.0,0.0,0.0,0.0,0.0,OPERA,Supply Chain,Manufacturing
FIPCO003,FIPCO003,169.0,MX11,,Full OPERA,PACK,OC,TPST,OralCare,Line,,High Complexity,TFS80-6,MX06922A,MX06922A,OFT 38FT_160ml_72_Size,CS,72.0,72.0,72.0,108430838.0,108430838.0,5.58,CS,2025-02-05 10:18:41.000 -0500,2025-02-06 02:19:34.000 -0500,DOWNTIME,Unknown,Desconocido,,,Shift2,2025-02-05 14:00:00.000 -0500,2025-02-05 21:29:59.000 -0500,450.0,C,False,2025-02-05,2025-02-01,2025-01-01,2025-01-01,72.0,"Mexico, Mission Hills",Y,MX,Mexico,MFG,37980,MX03,Strategic,20.9817163,-100.4223264,LA,Latin America,LA,Latin America,Unplanned,0,0.0,0.0,0.0,167.741935484,0.0,0.0,936,0,0.0,0.0,0.0,0.0,0.0,0.0,0.0,0.0,19,78,49.263157895,12.0,0,0.0,0.0,0.0,0.0,0.0,0.0,0.0,OPERA,Supply Chain,Manufacturing
FIPCO003,FIPCO003_Cartoner,171.0,MX11,,Full OPERA,PACK,OC,TPST,OralCare,Equipment,,High Complexity,TFS80-6,000000000061001979,61001979,OFT 38FR_100ml_72_Size,CS,72.0,72.0,72.0,108427066.0,108427066.0,450.0,CS,2025-02-04 17:47:52.000 -0500,2025-02-05 10:18:42.000 -0500,DOWNTIME,Falla de operación,Falla de operación,ALL,ALL,Shift1,2025-02-05 06:00:00.000 -0500,2025-02-05 13:59:59.000 -0500,480.0,B,False,2025-02-05,2025-02-01,2025-01-01,2025-01-01,72.0,"Mexico, Mission Hills",Y,MX,Mexico,MFG,37980,MX03,Strategic,20.9817163,-100.4223264,LA,Latin America,LA,Latin America,Unplanned,366,6.1,0.0,6.1,0.0,0.0,6.1,0,0,6.1,0.0,0.0,0.0,0.0,0.0,0.0,0.0,19,78,0.0,0.0,0,0.0,0.0,0.0,0.0,0.0,0.0,0.0,OPERA,Supply Chain,Manufacturing
FIPCO00E,FIPCO00E_Palletizer,181.0,MX11,,Full OPERA,PACK,OC,TPST,OralCare,Equipment,,High Complexity,TFS80-6,000000000000156755,156755,OFT 35FT_6.0oz_24_Size,CS,24.0,24.0,24.0,108430289.0,108430289.0,18.75,CS,2025-02-05 00:04:31.000 -0500,2025-02-05 16:37:35.000 -0500,PLANNED,Cleaning and Sanitation,C&S,ALL,ALL,Shift1,2025-02-05 06:00:00.000 -0500,2025-02-05 13:59:59.000 -0500,480.0,B,False,2025-02-05,2025-02-01,2025-01-01,2025-01-01,24.0,"Mexico, Mission Hills",Y,MX,Mexico,MFG,37980,MX03,Strategic,20.9817163,-100.4223264,LA,Latin America,LA,Latin America,Plant Decision,1514,25.233333,0.0,25.233333,0.0,25.233333,0.0,0,0,0.0,0.0,0.0,0.0,0.0,0.0,0.0,0.0,19,78,0.0,0.0,0,0.0,25.233333,0.0,0.0,0.0,0.0,0.0,OPERA,Supply Chain,Manufacturing
FIPCO009,FIPCO009_CasePacker,151.0,MX11,,Full OPERA,PACK,OC,TPST,OralCare,Equipment,,High Complexity,TFS80-6,MX05316A,MX05316A,OFT 38FR_4.0oz_24_Size,CS,24.0,24.0,24.0,108430841.0,108430841.0,18.75,CS,2025-02-05 09:02:46.000 -0500,2025-02-06 14:17:21.000 -0500,DOWNTIME,Unknown,Desconocido,,,Shift1,2025-02-06 06:00:00.000 -0500,2025-02-06 13:59:59.000 -0500,480.0,B,False,2025-02-06,2025-02-01,2025-01-01,2025-01-01,24.0,"Mexico, Mission Hills",Y,MX,Mexico,MFG,37980,MX03,Strategic,20.9817163,-100.4223264,LA,Latin America,LA,Latin America,Unplanned,0,0.0,0.0,0.0,203.146666667,0.0,0.0,3809,0,0.0,0.0,0.0,0.0,0.0,0.0,0.0,0.0,19,78,200.473684211,48.833333333,0,0.0,0.0,0.0,0.0,0.0,0.0,0.0,OPERA,Supply Chain,Manufacturing
FIPCO002,FIPCO002_Cartoner,164.0,MX11,,Full OPERA,PACK,OC,TPST,OralCare,Equipment,,Secondary Line,TFS80-6,FMX03180C,FMX03180C,OFT 32FT_100ml_72_Size,CS,72.0,72.0,72.0,108429892.0,108429892.0,438.0,CS,2025-02-05 00:08:44.000 -0500,2025-02-06 22:02:41.000 -0500,NOT ENTERED,Unknown,Desconocido,Packing,Packing,Shift2,2025-02-06 14:00:00.000 -0500,2025-02-06 21:29:59.000 -0500,450.0,C,False,2025-02-06,2025-02-01,2025-01-01,2025-01-01,72.0,"Mexico, Mission Hills",Y,MX,Mexico,MFG,37980,MX03,Strategic,20.9817163,-100.4223264,LA,Latin America,LA,Latin America,Unplanned,641,10.683334,0.0,10.683334,0.0,0.0,10.683334,0,0,10.683334,0.0,10.683334,0.0,0.0,0.0,0.0,0.0,19,78,0.0,0.0,0,0.0,0.0,0.0,0.0,0.0,0.0,0.0,OPERA,Supply Chain,Manufacturing
FIPCO002,FIPCO002_CasePacker,165.0,MX11,,Full OPERA,PACK,OC,TPST,OralCare,Equipment,,Secondary Line,TFS80-6,FMX03180C,FMX03180C,OFT 32FT_100ml_72_Size,CS,72.0,72.0,72.0,108429892.0,108429892.0,6.079999924,CS,2025-02-05 00:08:14.000 -0500,2025-02-06 22:02:41.000 -0500,WAITING,Upstream,Falta Producto,Packing,,Shift2,2025-02-06 14:00:00.000 -0500,2025-02-06 21:29:59.000 -0500,450.0,C,False,2025-02-06,2025-02-01,2025-01-01,2025-01-01,72.0,"Mexico, Mission Hills",Y,MX,Mexico,MFG,37980,MX03,Strategic,20.9817163,-100.4223264,LA,Latin America,LA,Latin America,Waiting,2585,43.083333,0.0,43.083333,0.0,0.0,43.083333,0,0,0.0,0.0,0.0,43.083333,0.0,0.0,0.0,0.0,19,78,0.0,0.0,0,0.0,0.0,0.0,0.0,0.0,0.0,0.0,OPERA,Supply Chain,Manufacturing
FIPCO00G,FIPCO00G,190.0,MX11,,Full OPERA,PACK,OC,TPST,OralCare,Line,,Packs,TFS80-6,000000000061028649,61028649,OFT 35FT_115ml_36_2P_Size,CS,72.0,72.0,72.0,108431439.0,108431439.0,5.83,CS,2025-02-05 19:16:10.000 -0500,2025-02-08 21:33:56.000 -0500,DOWNTIME,Cartoner,Cartonadora,ALL,ALL,Shift1,2025-02-07 06:00:00.000 -0500,2025-02-07 13:59:59.000 -0500,480.0,B,False,2025-02-07,2025-02-01,2025-01-01,2025-01-01,36.0,"Mexico, Mission Hills",Y,MX,Mexico,MFG,37980,MX03,Strategic,20.9817163,-100.4223264,LA,Latin America,LA,Latin America,Unplanned,1188,19.8,0.0,19.8,0.0,0.0,19.8,0,0,19.8,0.0,0.0,0.0,0.0,0.0,0.0,0.0,19,78,0.0,0.0,0,0.0,0.0,0.0,0.0,0.0,0.0,0.0,OPERA,Supply Chain,Manufacturing
FIPCO00I,FIPCO00I_Cartoner,206.0,MX11,Adjustment,Full OPERA,PACK,OC,TPST,OralCare,Equipment,,Packs,TFS80-6,000000000061038725,61038725,OFT 38FR_3.0oz_12_2P_Size,CS,24.0,24.0,24.0,108433948.0,108433948.0,210.0,CS,2025-02-07 02:17:18.000 -0500,2025-02-08 03:28:39.000 -0500,DOWNTIME,Sistema de cola,Sistema de cola,ALL,ALL,Shift2,2025-02-07 14:00:00.000 -0500,2025-02-07 21:29:59.000 -0500,450.0,C,False,2025-02-07,2025-02-01,2025-01-01,2025-01-01,12.0,"Mexico, Mission Hills",Y,MX,Mexico,MFG,37980,MX03,Strategic,20.9817163,-100.4223264,LA,Latin America,LA,Latin America,Unplanned,114,1.9,0.0,1.9,0.0,0.0,1.9,0,0,1.9,0.0,0.0,0.0,0.0,0.0,0.0,0.0,19,78,0.0,0.0,0,0.0,0.0,0.0,0.0,0.0,0.0,0.0,OPERA,Supply Chain,Manufacturing
FIPCO00G,FIPCO00G_Cartoner,192.0,MX11,Breakdown,Full OPERA,PACK,OC,TPST,OralCare,Equipment,,Packs,TFS80-6,000000000061028649,61028649,OFT 35FT_115ml_36_2P_Size,CS,72.0,72.0,72.0,108431439.0,108431439.0,210.0,CS,2025-02-05 19:17:20.000 -0500,,DOWNTIME,Error de introducción,Error de introducción,ALL,ALL,Shift2,2025-02-06 14:00:00.000 -0500,2025-02-06 21:29:59.000 -0500,450.0,C,False,2025-02-06,2025-02-01,2025-01-01,2025-01-01,36.0,"Mexico, Mission Hills",Y,MX,Mexico,MFG,37980,MX03,Strategic,20.9817163,-100.4223264,LA,Latin America,LA,Latin America,Unplanned,293,4.883333,0.0,4.883333,0.0,0.0,4.883333,0,0,4.883333,0.0,0.0,0.0,0.0,0.0,0.0,0.0,19,78,0.0,0.0,0,0.0,0.0,0.0,0.0,0.0,0.0,0.0,OPERA,Supply Chain,Manufacturing
FIPCO004,FIPCO004_Filler,143.0,MX11,Breakdown,Full OPERA,PACK,OC,TPST,OralCare,Equipment,,Low Complexity,TFS80-6,000000000000151105,151105,OFT 25FZ_2.5oz_24_Size,CS,24.0,24.0,24.0,108433946.0,108433946.0,450.0,CS,2025-02-07 14:04:36.000 -0500,2025-02-09 20:23:49.000 -0500,DOWNTIME,Tubo Atorado en Dedo,Tubo Atorado en Dedo,Product,Product,Shift3,2025-02-07 21:30:00.000 -0500,2025-02-08 05:59:59.000 -0500,510.0,A,False,2025-02-07,2025-02-01,2025-01-01,2025-01-01,24.0,"Mexico, Mission Hills",Y,MX,Mexico,MFG,37980,MX03,Strategic,20.9817163,-100.4223264,LA,Latin America,LA,Latin America,Unplanned,339,5.65,0.0,5.65,0.0,0.0,5.65,0,0,5.65,0.0,0.0,0.0,0.0,0.0,0.0,0.0,19,78,0.0,0.0,0,0.0,0.0,0.0,0.0,0.0,0.0,0.0,OPERA,Supply Chain,Manufacturing
FIPCO003,FIPCO003_CasePacker,172.0,MX11,,Full OPERA,PACK,OC,TPST,OralCare,Equipment,,High Complexity,TFS80-6,000000000061049090,61049090,OFT 38FR_170ml_72_Size,CS,72.0,72.0,72.0,108432487.0,108432487.0,5.579999924,CS,2025-02-06 02:20:13.000 -0500,2025-02-06 18:16:15.000 -0500,DOWNTIME,Unknown,Desconocido,,,Shift3,2025-02-05 21:30:00.000 -0500,2025-02-06 05:59:59.000 -0500,510.0,D,False,2025-02-05,2025-02-01,2025-01-01,2025-01-01,72.0,"Mexico, Mission Hills",Y,MX,Mexico,MFG,37980,MX03,Strategic,20.9817163,-100.4223264,LA,Latin America,LA,Latin America,Unplanned,0,0.0,0.0,0.0,116.129033846,0.0,0.0,648,0,0.0,0.0,0.0,0.0,0.0,0.0,0.0,0.0,19,78,34.105263158,8.307692308,0,0.0,0.0,0.0,0.0,0.0,0.0,0.0,OPERA,Supply Chain,Manufacturing
FIPCO006,FIPCO006_CasePacker,227.0,MX11,,Full OPERA,PACK,OC,TPST,OralCare,Equipment,,Kids,TFS30,000000000061024733,61024733,OFT 38FR_4.6oz_12_Size,CS,12.0,12.0,12.0,108432658.0,108432658.0,12.0,CS,2025-02-05 22:40:53.000 -0500,,PLANNED,Cleaning and Sanitation,C&S,Size,,Shift3,2025-02-05 21:30:00.000 -0500,2025-02-06 05:59:59.000 -0500,510.0,D,False,2025-02-05,2025-02-01,2025-01-01,2025-01-01,12.0,"Mexico, Mission Hills",Y,MX,Mexico,MFG,37980,MX03,Strategic,20.9817163,-100.4223264,LA,Latin America,LA,Latin America,Plant Decision,548,9.133333,0.0,9.133333,0.0,9.133333,0.0,0,0,0.0,0.0,0.0,0.0,0.0,0.0,0.0,0.0,19,78,0.0,0.0,0,0.0,9.133333,0.0,0.0,0.0,0.0,0.0,OPERA,Supply Chain,Manufacturing
FIPCO00H,FIPCO00H_Cartoner,199.0,MX11,,Full OPERA,PACK,OC,TPST,OralCare,Equipment,,Secondary Line,TFS80-6,MX02355A,MX02355A,OFT 35FR_75ml_48_Size,CS,48.0,48.0,48.0,108435404.0,108435404.0,450.0,CS,2025-02-07 13:39:17.000 -0500,2025-02-08 13:48:17.000 -0500,PLANNED,Cleaning and Sanitation,C&S,Product,Product,Shift3,2025-02-07 21:30:00.000 -0500,2025-02-08 05:59:59.000 -0500,510.0,A,False,2025-02-07,2025-02-01,2025-01-01,2025-01-01,48.0,"Mexico, Mission Hills",Y,MX,Mexico,MFG,37980,MX03,Strategic,20.9817163,-100.4223264,LA,Latin America,LA,Latin America,Plant Decision,886,14.766666,0.0,14.766666,0.0,14.766666,0.0,0,0,0.0,0.0,0.0,0.0,0.0,0.0,0.0,0.0,19,78,0.0,0.0,0,0.0,14.766666,0.0,0.0,0.0,0.0,0.0,OPERA,Supply Chain,Manufacturing
FIPCO002,FIPCO002_Cartoner,164.0,MX11,,Full OPERA,PACK,OC,TPST,OralCare,Equipment,,Secondary Line,TFS80-6,FMX00035B,FMX00035B,OFT 38FT_150ml_72_Size,CS,72.0,72.0,72.0,108432977.0,108432977.0,390.0,CS,2025-02-06 22:03:12.000 -0500,2025-02-06 22:59:08.000 -0500,CHANGE OVER,Size,Tamaño,Size,Size,Shift3,2025-02-06 21:30:00.000 -0500,2025-02-07 05:59:59.000 -0500,510.0,D,False,2025-02-06,2025-02-01,2025-01-01,2025-01-01,72.0,"Mexico, Mission Hills",Y,MX,Mexico,MFG,37980,MX03,Strategic,20.9817163,-100.4223264,LA,Latin America,LA,Latin America,Plant Decision,1990,33.166667,0.0,33.166667,0.0,33.166667,0.0,0,0,0.0,0.0,0.0,0.0,0.0,0.0,0.0,0.0,19,78,0.0,0.0,1,33.166667,0.0,0.0,0.0,0.0,0.0,0.0,OPERA,Supply Chain,Manufacturing
FIPCO00F,FIPCO00F_Bundler,184.0,MX11,,Full OPERA,PACK,OC,TPST,OralCare,Equipment,,Packs,TFS80-6,FMX03179D,FMX03179D,OFT 28FT_75ml_72_Size,CS,72.0,72.0,72.0,108430290.0,108430290.0,450.0,CS,2025-02-05 04:12:19.000 -0500,2025-02-07 13:20:32.000 -0500,BUSINESS EXTERNAL,EMO,EMO,Product,Product,Shift2,2025-02-05 14:00:00.000 -0500,2025-02-05 21:29:59.000 -0500,450.0,C,False,2025-02-05,2025-02-01,2025-01-01,2025-01-01,72.0,"Mexico, Mission Hills",Y,MX,Mexico,MFG,37980,MX03,Strategic,20.9817163,-100.4223264,LA,Latin America,LA,Latin America,Business External,16,0.266667,0.266667,0.0,0.0,0.0,0.0,0,0,0.0,0.0,0.0,0.0,0.0,0.0,0.0,0.0,19,78,0.0,0.0,0,0.0,0.0,0.0,0.0,0.0,0.0,0.0,OPERA,Supply Chain,Manufacturing
FIPCO009,FIPCO009_Bundler,149.0,MX11,Adjustment,Full OPERA,PACK,OC,TPST,OralCare,Equipment,,High Complexity,TFS80-6,000000000061045447,61045447,OFT 38FR_170ml_24 Size,CS,24.0,24.0,24.0,108432764.0,108432764.0,402.0,CS,2025-02-06 14:17:55.000 -0500,2025-02-08 01:08:30.000 -0500,DOWNTIME,Apilador,Apilador,ALL,ALL,Shift3,2025-02-07 21:30:00.000 -0500,2025-02-08 05:59:59.000 -0500,510.0,A,False,2025-02-07,2025-02-01,2025-01-01,2025-01-01,24.0,"Mexico, Mission Hills",Y,MX,Mexico,MFG,37980,MX03,Strategic,20.9817163,-100.4223264,LA,Latin America,LA,Latin America,Unplanned,42,0.7,0.0,0.7,0.0,0.0,0.7,0,0,0.7,0.0,0.0,0.0,0.0,0.0,0.0,0.0,19,78,0.0,0.0,0,0.0,0.0,0.0,0.0,0.0,0.0,0.0,OPERA,Supply Chain,Manufacturing
FIPCO002,FIPCO002_Filler,166.0,MX11,,Full OPERA,PACK,OC,TPST,OralCare,Equipment,,Secondary Line,TFS80-6,FMX00035B,FMX00035B,OFT 38FT_150ml_72_Size,CS,72.0,72.0,72.0,108433722.0,108433722.0,390.0,CS,2025-02-06 23:03:27.000 -0500,,WAITING,Downstream,Acumulación,Size,Size,Shift1,2025-02-07 06:00:00.000 -0500,2025-02-07 13:59:59.000 -0500,480.0,B,False,2025-02-07,2025-02-01,2025-01-01,2025-01-01,72.0,"Mexico, Mission Hills",Y,MX,Mexico,MFG,37980,MX03,Strategic,20.9817163,-100.4223264,LA,Latin America,LA,Latin America,Waiting,7268,121.13333,0.0,121.13333,0.0,0.0,121.13333,0,0,0.0,0.0,0.0,121.13333,0.0,0.0,0.0,0.0,19,78,0.0,0.0,0,0.0,0.0,0.0,0.0,0.0,0.0,0.0,OPERA,Supply Chain,Manufacturing
FIPCO001,FIPCO001_Palletizer,160.0,MX11,,Full OPERA,PACK,OC,TPST,OralCare,Equipment,,Low Complexity,TFS80-6,MX03924A,MX03924A,OFT 25FT_50ml_144_Size,CS,144.0,144.0,144.0,108429891.0,108429891.0,3.130000114,CS,2025-02-04 15:21:14.000 -0500,,DOWNTIME,Unknown,Desconocido,,,Shift1,2025-02-05 06:00:00.000 -0500,2025-02-05 13:59:59.000 -0500,480.0,B,False,2025-02-05,2025-02-01,2025-01-01,2025-01-01,144.0,"Mexico, Mission Hills",Y,MX,Mexico,MFG,37980,MX03,Strategic,20.9817163,-100.4223264,LA,Latin America,LA,Latin America,Unplanned,0,0.0,0.0,0.0,356.54950773,0.0,0.0,1116,0,0.0,0.0,0.0,0.0,0.0,0.0,0.0,0.0,19,78,58.736842105,14.307692308,0,0.0,0.0,0.0,0.0,0.0,0.0,0.0,OPERA,Supply Chain,Manufacturing
FIPCO004,FIPCO004_CasePacker,146.0,MX11,Adjustment,Full OPERA,PACK,OC,TPST,OralCare,Equipment,,Low Complexity,TFS80-6,000000000000151106,151106,OFT 25FZ_2.5oz_24_Size,CS,24.0,24.0,24.0,108433945.0,108433945.0,18.75,CS,2025-02-07 00:07:52.000 -0500,2025-02-07 13:58:36.000 -0500,DOWNTIME,Extracción de cajas,Extracción de cajas,Size,Size,Shift1,2025-02-07 06:00:00.000 -0500,2025-02-07 13:59:59.000 -0500,480.0,B,False,2025-02-07,2025-02-01,2025-01-01,2025-01-01,24.0,"Mexico, Mission Hills",Y,MX,Mexico,MFG,37980,MX03,Strategic,20.9817163,-100.4223264,LA,Latin America,LA,Latin America,Unplanned,39,0.65,0.0,0.65,0.0,0.0,0.65,0,0,0.65,0.0,0.0,0.0,0.0,0.0,0.0,0.0,19,78,0.0,0.0,0,0.0,0.0,0.0,0.0,0.0,0.0,0.0,OPERA,Supply Chain,Manufacturing
FIPCO003,FIPCO003_Bundler,170.0,MX11,,Full OPERA,PACK,OC,TPST,OralCare,Equipment,,High Complexity,TFS80-6,MX05532A,MX05532A,OFT 38FR_125ml_48_Size,CS,48.0,48.0,48.0,108433621.0,108433621.0,450.0,CS,2025-02-06 18:16:21.000 -0500,2025-02-08 00:18:15.000 -0500,WAITING,Downstream,Acumulación,ALL,ALL,Shift2,2025-02-07 14:00:00.000 -0500,2025-02-07 21:29:59.000 -0500,450.0,C,False,2025-02-07,2025-02-01,2025-01-01,2025-01-01,48.0,"Mexico, Mission Hills",Y,MX,Mexico,MFG,37980,MX03,Strategic,20.9817163,-100.4223264,LA,Latin America,LA,Latin America,Waiting,885,14.75,0.0,14.75,0.0,0.0,14.75,0,0,0.0,0.0,0.0,14.75,0.0,0.0,0.0,0.0,19,78,0.0,0.0,0,0.0,0.0,0.0,0.0,0.0,0.0,0.0,OPERA,Supply Chain,Manufacturing
FIPCO006,FIPCO006,224.0,MX11,,Full OPERA,PACK,OC,TPST,OralCare,Line,,Kids,TFS30,000000000061024733,61024733,OFT 38FR_4.6oz_12_Size,CS,12.0,12.0,12.0,108432658.0,108432658.0,12.0,CS,2025-02-05 22:40:21.000 -0500,2025-02-09 00:26:51.000 -0500,BUSINESS EXTERNAL,No Demand,No Demanda,Size,,Shift1,2025-02-06 06:00:00.000 -0500,2025-02-06 13:59:59.000 -0500,480.0,B,False,2025-02-06,2025-02-01,2025-01-01,2025-01-01,12.0,"Mexico, Mission Hills",Y,MX,Mexico,MFG,37980,MX03,Strategic,20.9817163,-100.4223264,LA,Latin America,LA,Latin America,Business External,28621,477.016667,477.016667,0.0,0.0,0.0,0.0,0,0,0.0,0.0,0.0,0.0,0.0,0.0,0.0,0.0,19,78,0.0,0.0,0,0.0,0.0,0.0,0.0,0.0,0.0,477.016667,OPERA,Supply Chain,Manufacturing
FIPCO002,FIPCO002_Bundler,163.0,MX11,,Full OPERA,PACK,OC,TPST,OralCare,Equipment,,Secondary Line,TFS80-6,FMX03180C,FMX03180C,OFT 32FT_100ml_72_Size,CS,72.0,72.0,72.0,108429892.0,108429892.0,438.0,CS,2025-02-05 00:08:44.000 -0500,2025-02-06 22:02:41.000 -0500,NOT ENTERED,Unknown,Desconocido,Packing,,Shift3,2025-02-05 21:30:00.000 -0500,2025-02-06 05:59:59.000 -0500,510.0,D,False,2025-02-05,2025-02-01,2025-01-01,2025-01-01,72.0,"Mexico, Mission Hills",Y,MX,Mexico,MFG,37980,MX03,Strategic,20.9817163,-100.4223264,LA,Latin America,LA,Latin America,Unplanned,170,2.833334,0.0,2.833334,0.0,0.0,2.833334,0,0,2.833334,0.0,2.833334,0.0,0.0,0.0,0.0,0.0,19,78,0.0,0.0,0,0.0,0.0,0.0,0.0,0.0,0.0,0.0,OPERA,Supply Chain,Manufacturing
FIPCO00F,FIPCO00F_Bundler,184.0,MX11,,Full OPERA,PACK,OC,TPST,OralCare,Equipment,,Packs,TFS80-6,MX06103A,MX06103A,OFT 28FT_75ml_72_Size,CS,72.0,72.0,72.0,108433947.0,108433947.0,450.0,CS,2025-02-07 13:21:33.000 -0500,2025-02-08 11:04:16.000 -0500,DOWNTIME,Unknown,Desconocido,,,Shift3,2025-02-07 21:30:00.000 -0500,2025-02-08 05:59:59.000 -0500,510.0,A,False,2025-02-07,2025-02-01,2025-01-01,2025-01-01,72.0,"Mexico, Mission Hills",Y,MX,Mexico,MFG,37980,MX03,Strategic,20.9817163,-100.4223264,LA,Latin America,LA,Latin America,Unplanned,0,0.0,0.0,0.0,15.4,0.0,0.0,6930,0,0.0,0.0,0.0,0.0,0.0,0.0,0.0,0.0,19,78,364.736842105,88.846153846,0,0.0,0.0,0.0,0.0,0.0,0.0,0.0,OPERA,Supply Chain,Manufacturing
FIPCO00I,FIPCO00I,204.0,MX11,,Full OPERA,PACK,OC,TPST,OralCare,Line,,Packs,TFS80-6,000000000061038725,61038725,OFT 38FR_3.0oz_12_2P_Size,CS,24.0,24.0,24.0,108433948.0,108433948.0,17.5,CS,2025-02-07 02:16:44.000 -0500,2025-02-08 03:28:26.000 -0500,DOWNTIME,Filler,LLenadora,ALL,ALL,Shift3,2025-02-06 21:30:00.000 -0500,2025-02-07 05:59:59.000 -0500,510.0,D,False,2025-02-06,2025-02-01,2025-01-01,2025-01-01,12.0,"Mexico, Mission Hills",Y,MX,Mexico,MFG,37980,MX03,Strategic,20.9817163,-100.4223264,LA,Latin America,LA,Latin America,Unplanned,13,0.216667,0.0,0.216667,0.0,0.0,0.216667,0,0,0.216667,0.0,0.0,0.0,0.0,0.0,0.0,0.0,19,78,0.0,0.0,0,0.0,0.0,0.0,0.0,0.0,0.0,0.0,OPERA,Supply Chain,Manufacturing
FIPCO006,FIPCO006_CasePacker,227.0,MX11,,Full OPERA,PACK,OC,TPST,OralCare,Equipment,,Kids,TFS30,000000000061024733,61024733,OFT 38FR_4.6oz_12_Size,CS,12.0,12.0,12.0,108432658.0,108432658.0,12.0,CS,2025-02-05 22:40:53.000 -0500,,PLANNED,Lunch/Break,Comida,Size,,Shift3,2025-02-05 21:30:00.000 -0500,2025-02-06 05:59:59.000 -0500,510.0,D,False,2025-02-05,2025-02-01,2025-01-01,2025-01-01,12.0,"Mexico, Mission Hills",Y,MX,Mexico,MFG,37980,MX03,Strategic,20.9817163,-100.4223264,LA,Latin America,LA,Latin America,Plant Decision,4218,70.3,0.0,70.3,0.0,70.3,0.0,0,0,0.0,0.0,0.0,0.0,0.0,0.0,0.0,0.0,19,78,0.0,0.0,0,0.0,0.0,70.3,70.3,70.3,0.0,0.0,OPERA,Supply Chain,Manufacturing
FIPCO003,FIPCO003_Bundler,170.0,MX11,,Full OPERA,PACK,OC,TPST,OralCare,Equipment,,High Complexity,TFS80-6,MX05532A,MX05532A,OFT 38FR_125ml_48_Size,CS,48.0,48.0,48.0,108433621.0,108433621.0,450.0,CS,2025-02-06 18:16:21.000 -0500,2025-02-08 00:18:15.000 -0500,MAINTENANCE,Autonomous Maintenance,Mntto. Autónomo,ALL,ALL,Shift2,2025-02-06 14:00:00.000 -0500,2025-02-06 21:29:59.000 -0500,450.0,C,False,2025-02-06,2025-02-01,2025-01-01,2025-01-01,48.0,"Mexico, Mission Hills",Y,MX,Mexico,MFG,37980,MX03,Strategic,20.9817163,-100.4223264,LA,Latin America,LA,Latin America,Plant Decision,7,0.116667,0.0,0.116667,0.0,0.116667,0.0,0,0,0.0,0.0,0.0,0.0,0.0,0.116667,0.116667,0.0,19,78,0.0,0.0,0,0.0,0.0,0.0,0.0,0.0,0.0,0.0,OPERA,Supply Chain,Manufacturing
FIPCO004,FIPCO004_CasePacker,146.0,MX11,,Full OPERA,PACK,OC,TPST,OralCare,Equipment,,Low Complexity,TFS80-6,MX07159A,MX07159A,OFT 25FT_2.2oz_24_Size,CS,24.0,24.0,24.0,108429893.0,108429893.0,18.75,CS,2025-02-06 06:08:37.000 -0500,2025-02-07 00:07:28.000 -0500,CHANGE OVER,Product,Producto,Product,Product,Shift1,2025-02-06 06:00:00.000 -0500,2025-02-06 13:59:59.000 -0500,480.0,B,False,2025-02-06,2025-02-01,2025-01-01,2025-01-01,24.0,"Mexico, Mission Hills",Y,MX,Mexico,MFG,37980,MX03,Strategic,20.9817163,-100.4223264,LA,Latin America,LA,Latin America,Plant Decision,8040,134.0,0.0,134.0,0.0,134.0,0.0,0,0,0.0,0.0,0.0,0.0,0.0,0.0,0.0,0.0,19,78,0.0,0.0,1,134.0,0.0,0.0,0.0,0.0,0.0,0.0,OPERA,Supply Chain,Manufacturing
FIPCO00I,FIPCO00I_Cartoner,206.0,MX11,,Full OPERA,PACK,OC,TPST,OralCare,Equipment,,Packs,TFS80-6,000000000061038725,61038725,OFT 38FR_3.0oz_12_2P_Size,CS,24.0,24.0,24.0,108433948.0,108433948.0,210.0,CS,2025-02-07 02:17:18.000 -0500,2025-02-08 03:28:39.000 -0500,CHANGE OVER,ALL,Todo,ALL,ALL,Shift1,2025-02-07 06:00:00.000 -0500,2025-02-07 13:59:59.000 -0500,480.0,B,False,2025-02-07,2025-02-01,2025-01-01,2025-01-01,12.0,"Mexico, Mission Hills",Y,MX,Mexico,MFG,37980,MX03,Strategic,20.9817163,-100.4223264,LA,Latin America,LA,Latin America,Plant Decision,13241,220.683333,0.0,220.683333,0.0,220.683333,0.0,0,0,0.0,0.0,0.0,0.0,0.0,0.0,0.0,0.0,19,78,0.0,0.0,0,0.0,0.0,0.0,0.0,0.0,0.0,0.0,OPERA,Supply Chain,Manufacturing
FIPCO004,FIPCO004_Bundler,144.0,MX11,Adjustment,Full OPERA,PACK,OC,TPST,OralCare,Equipment,,Low Complexity,TFS80-6,000000000000151105,151105,OFT 25FZ_2.5oz_24_Size,CS,24.0,24.0,24.0,108433946.0,108433946.0,450.0,CS,2025-02-07 14:04:34.000 -0500,2025-02-09 20:23:49.000 -0500,DOWNTIME,Transporte de láminas,Transporte de láminas,Product,Product,Shift3,2025-02-07 21:30:00.000 -0500,2025-02-08 05:59:59.000 -0500,510.0,A,False,2025-02-07,2025-02-01,2025-01-01,2025-01-01,24.0,"Mexico, Mission Hills",Y,MX,Mexico,MFG,37980,MX03,Strategic,20.9817163,-100.4223264,LA,Latin America,LA,Latin America,Unplanned,131,2.183333,0.0,2.183333,0.0,0.0,2.183333,0,0,2.183333,0.0,0.0,0.0,0.0,0.0,0.0,0.0,19,78,0.0,0.0,0,0.0,0.0,0.0,0.0,0.0,0.0,0.0,OPERA,Supply Chain,Manufacturing
FIPCO00F,FIPCO00F,183.0,MX11,,Full OPERA,PACK,OC,TPST,OralCare,Line,,Packs,TFS80-6,FMX03179D,FMX03179D,OFT 28FT_75ml_72_Size,CS,72.0,72.0,72.0,108430290.0,108430290.0,6.25,CS,2025-02-05 04:11:32.000 -0500,2025-02-07 13:20:13.000 -0500,DOWNTIME,Cartoner,Cartonadora,ALL,ALL,Shift3,2025-02-05 21:30:00.000 -0500,2025-02-06 05:59:59.000 -0500,510.0,D,False,2025-02-05,2025-02-01,2025-01-01,2025-01-01,72.0,"Mexico, Mission Hills",Y,MX,Mexico,MFG,37980,MX03,Strategic,20.9817163,-100.4223264,LA,Latin America,LA,Latin America,Unplanned,1114,18.566667,0.0,18.566667,0.0,0.0,18.566667,0,0,18.566667,0.0,0.0,0.0,0.0,0.0,0.0,0.0,19,78,0.0,0.0,0,0.0,0.0,0.0,0.0,0.0,0.0,0.0,OPERA,Supply Chain,Manufacturing
FIPCO009,FIPCO009,148.0,MX11,,Full OPERA,PACK,OC,TPST,OralCare,Line,,High Complexity,TFS80-6,000000000061045447,61045447,OFT 38FR_170ml_24 Size,CS,24.0,24.0,24.0,108432764.0,108432764.0,16.75,CS,2025-02-06 14:17:29.000 -0500,2025-02-08 01:08:22.000 -0500,CHANGE OVER,ALL,Todo,ALL,ALL,Shift3,2025-02-07 21:30:00.000 -0500,2025-02-08 05:59:59.000 -0500,510.0,A,False,2025-02-07,2025-02-01,2025-01-01,2025-01-01,24.0,"Mexico, Mission Hills",Y,MX,Mexico,MFG,37980,MX03,Strategic,20.9817163,-100.4223264,LA,Latin America,LA,Latin America,Plant Decision,3898,64.966667,0.0,64.966667,0.0,64.966667,0.0,0,0,0.0,0.0,0.0,0.0,0.0,0.0,0.0,0.0,19,78,0.0,0.0,0,0.0,0.0,0.0,0.0,0.0,0.0,0.0,OPERA,Supply Chain,Manufacturing
FIPCO00I,FIPCO00I_CasePacker,207.0,MX11,Adjustment,Full OPERA,PACK,OC,TPST,OralCare,Equipment,,Packs,TFS80-6,000000000061019476,61019476,OFT 38FT_6.0oz_24_Size,CS,24.0,24.0,24.0,108429895.0,108429895.0,16.75,CS,2025-02-05 04:56:58.000 -0500,2025-02-07 02:16:42.000 -0500,DOWNTIME,Transporte posterior,Transporte posterior,ALL,ALL,Shift2,2025-02-06 14:00:00.000 -0500,2025-02-06 21:29:59.000 -0500,450.0,C,False,2025-02-06,2025-02-01,2025-01-01,2025-01-01,24.0,"Mexico, Mission Hills",Y,MX,Mexico,MFG,37980,MX03,Strategic,20.9817163,-100.4223264,LA,Latin America,LA,Latin America,Unplanned,98,1.633333,0.0,1.633333,0.0,0.0,1.633333,0,0,1.633333,0.0,0.0,0.0,0.0,0.0,0.0,0.0,19,78,0.0,0.0,0,0.0,0.0,0.0,0.0,0.0,0.0,0.0,OPERA,Supply Chain,Manufacturing
FIPCO00I,FIPCO00I_Cartoner,206.0,MX11,,Full OPERA,PACK,OC,TPST,OralCare,Equipment,,Packs,TFS80-6,000000000061032091,61032091,OFT 38FR_4.2oz_24_Size,CS,24.0,24.0,24.0,108436118.0,108436118.0,450.0,CS,2025-02-08 03:28:58.000 -0500,2025-02-10 00:30:39.000 -0500,WAITING,Upstream,Falta Producto,ALL,ALL,Shift3,2025-02-07 21:30:00.000 -0500,2025-02-08 05:59:59.000 -0500,510.0,A,False,2025-02-07,2025-02-01,2025-01-01,2025-01-01,24.0,"Mexico, Mission Hills",Y,MX,Mexico,MFG,37980,MX03,Strategic,20.9817163,-100.4223264,LA,Latin America,LA,Latin America,Waiting,783,13.05,0.0,13.05,0.0,0.0,13.05,0,0,0.0,0.0,0.0,13.05,0.0,0.0,0.0,0.0,19,78,0.0,0.0,0,0.0,0.0,0.0,0.0,0.0,0.0,0.0,OPERA,Supply Chain,Manufacturing
FIPCO009,FIPCO009_Filler,152.0,MX11,,Full OPERA,PACK,OC,TPST,OralCare,Equipment,,High Complexity,TFS80-6,000000000061044255,61044255,OFT 38FR_120ml_24_Size,CS,24.0,24.0,24.0,108430288.0,108430288.0,450.0,CS,2025-02-04 16:06:17.000 -0500,2025-02-05 09:01:41.000 -0500,RUNNING,Running,Corriendo,ALL,ALL,Shift1,2025-02-05 06:00:00.000 -0500,2025-02-05 13:59:59.000 -0500,480.0,B,False,2025-02-05,2025-02-01,2025-01-01,2025-01-01,24.0,"Mexico, Mission Hills",Y,MX,Mexico,MFG,37980,MX03,Strategic,20.9817163,-100.4223264,LA,Latin America,LA,Latin America,Runtime,1279,21.316666,0.0,21.316666,0.0,0.0,21.316666,0,0,0.0,21.316666,0.0,0.0,0.0,0.0,0.0,0.0,19,78,0.0,0.0,0,0.0,0.0,0.0,0.0,0.0,0.0,0.0,OPERA,Supply Chain,Manufacturing
FIPCO00E,FIPCO00E_Bundler,177.0,MX11,,Full OPERA,PACK,OC,TPST,OralCare,Equipment,,High Complexity,TFS80-6,000000000000178331,178331,OFT 35FT_4.6oz_24_Size,CS,24.0,24.0,24.0,108434583.0,108434583.0,450.0,CS,2025-02-07 13:07:08.000 -0500,2025-02-09 13:21:49.000 -0500,WAITING,Upstream,Falta Producto,ALL,ALL,Shift1,2025-02-07 06:00:00.000 -0500,2025-02-07 13:59:59.000 -0500,480.0,B,False,2025-02-07,2025-02-01,2025-01-01,2025-01-01,24.0,"Mexico, Mission Hills",Y,MX,Mexico,MFG,37980,MX03,Strategic,20.9817163,-100.4223264,LA,Latin America,LA,Latin America,Waiting,166,2.766666,0.0,2.766666,0.0,0.0,2.766666,0,0,0.0,0.0,0.0,2.766666,0.0,0.0,0.0,0.0,19,78,0.0,0.0,0,0.0,0.0,0.0,0.0,0.0,0.0,0.0,OPERA,Supply Chain,Manufacturing
FIPCO002,FIPCO002,162.0,MX11,,Full OPERA,PACK,OC,TPST,OralCare,Line,,Secondary Line,TFS80-6,FMX03180C,FMX03180C,OFT 32FT_100ml_72_Size,CS,72.0,72.0,72.0,108429892.0,108429892.0,6.08,CS,2025-02-05 00:07:43.000 -0500,2025-02-06 22:02:32.000 -0500,DOWNTIME,Bundler,Empaquetadora,Packing,,Shift1,2025-02-06 06:00:00.000 -0500,2025-02-06 13:59:59.000 -0500,480.0,B,False,2025-02-06,2025-02-01,2025-01-01,2025-01-01,72.0,"Mexico, Mission Hills",Y,MX,Mexico,MFG,37980,MX03,Strategic,20.9817163,-100.4223264,LA,Latin America,LA,Latin America,Unplanned,2017,33.616667,0.0,33.616667,0.0,0.0,33.616667,0,0,33.616667,0.0,0.0,0.0,0.0,0.0,0.0,0.0,19,78,0.0,0.0,0,0.0,0.0,0.0,0.0,0.0,0.0,0.0,OPERA,Supply Chain,Manufacturing
FIPCO00E,FIPCO00E,176.0,MX11,,Full OPERA,PACK,OC,TPST,OralCare,Line,,High Complexity,TFS80-6,000000000000178331,178331,OFT 35FT_4.6oz_24_Size,CS,24.0,24.0,24.0,108434583.0,108434583.0,18.75,CS,2025-02-07 13:06:18.000 -0500,2025-02-09 13:21:37.000 -0500,DOWNTIME,Bundler,Empaquetadora,ALL,ALL,Shift2,2025-02-07 14:00:00.000 -0500,2025-02-07 21:29:59.000 -0500,450.0,C,False,2025-02-07,2025-02-01,2025-01-01,2025-01-01,24.0,"Mexico, Mission Hills",Y,MX,Mexico,MFG,37980,MX03,Strategic,20.9817163,-100.4223264,LA,Latin America,LA,Latin America,Unplanned,3030,50.5,0.0,50.5,0.0,0.0,50.5,0,0,50.5,0.0,0.0,0.0,0.0,0.0,0.0,0.0,19,78,0.0,0.0,0,0.0,0.0,0.0,0.0,0.0,0.0,0.0,OPERA,Supply Chain,Manufacturing
FIPCO009,FIPCO009_Cartoner,150.0,MX11,,Full OPERA,PACK,OC,TPST,OralCare,Equipment,,High Complexity,TFS80-6,MX05316A,MX05316A,OFT 38FR_4.0oz_24_Size,CS,24.0,24.0,24.0,108430841.0,108430841.0,450.0,CS,2025-02-05 09:02:46.000 -0500,2025-02-06 14:17:21.000 -0500,DOWNTIME,Ending order,Terminando Orden,ALL,ALL,Shift2,2025-02-06 14:00:00.000 -0500,2025-02-06 21:29:59.000 -0500,450.0,C,False,2025-02-06,2025-02-01,2025-01-01,2025-01-01,24.0,"Mexico, Mission Hills",Y,MX,Mexico,MFG,37980,MX03,Strategic,20.9817163,-100.4223264,LA,Latin America,LA,Latin America,Unplanned,6,0.1,0.0,0.1,0.0,0.0,0.1,0,0,0.1,0.0,0.0,0.0,0.0,0.0,0.0,0.0,19,78,0.0,0.0,0,0.0,0.0,0.0,0.0,0.0,0.0,0.0,OPERA,Supply Chain,Manufacturing
FIPCO004,FIPCO004_Filler,143.0,MX11,,Full OPERA,PACK,OC,TPST,OralCare,Equipment,,Low Complexity,TFS80-6,MX06994A,MX06994A,OFT_25FT_2.0oz_24_Size,CS,24.0,24.0,24.0,108432488.0,108432488.0,450.0,CS,2025-02-05 18:14:49.000 -0500,2025-02-06 06:08:00.000 -0500,WAITING,Downstream,Acumulación,Product,Product,Shift3,2025-02-05 21:30:00.000 -0500,2025-02-06 05:59:59.000 -0500,510.0,D,False,2025-02-05,2025-02-01,2025-01-01,2025-01-01,24.0,"Mexico, Mission Hills",Y,MX,Mexico,MFG,37980,MX03,Strategic,20.9817163,-100.4223264,LA,Latin America,LA,Latin America,Waiting,1600,26.666669,0.0,26.666669,0.0,0.0,26.666669,0,0,0.0,0.0,0.0,26.666669,0.0,0.0,0.0,0.0,19,78,0.0,0.0,0,0.0,0.0,0.0,0.0,0.0,0.0,0.0,OPERA,Supply Chain,Manufacturing
FIPCO00E,FIPCO00E,176.0,MX11,,Full OPERA,PACK,OC,TPST,OralCare,Line,,High Complexity,TFS80-6,000000000000151093,151093,OFT 35FT_6.0oz_24_Size,CS,24.0,24.0,24.0,108431438.0,108431438.0,18.75,CS,2025-02-05 16:37:43.000 -0500,2025-02-06 06:51:09.000 -0500,DOWNTIME,Cartoner,Cartonadora,Product,Product,Shift3,2025-02-05 21:30:00.000 -0500,2025-02-06 05:59:59.000 -0500,510.0,D,False,2025-02-05,2025-02-01,2025-01-01,2025-01-01,24.0,"Mexico, Mission Hills",Y,MX,Mexico,MFG,37980,MX03,Strategic,20.9817163,-100.4223264,LA,Latin America,LA,Latin America,Unplanned,1727,28.783335,0.0,28.783335,0.0,0.0,28.783335,0,0,28.783335,0.0,0.0,0.0,0.0,0.0,0.0,0.0,19,78,0.0,0.0,0,0.0,0.0,0.0,0.0,0.0,0.0,0.0,OPERA,Supply Chain,Manufacturing
FIPCO00E,FIPCO00E,176.0,MX11,,Full OPERA,PACK,OC,TPST,OralCare,Line,,High Complexity,TFS80-6,000000000000151114,151114,OFT 35FT_4.0oz_24_Size,CS,24.0,24.0,24.0,108432723.0,108432723.0,18.75,CS,2025-02-06 06:51:27.000 -0500,2025-02-06 20:14:45.000 -0500,DOWNTIME,Filler,LLenadora,ALL,ALL,Shift1,2025-02-06 06:00:00.000 -0500,2025-02-06 13:59:59.000 -0500,480.0,B,False,2025-02-06,2025-02-01,2025-01-01,2025-01-01,24.0,"Mexico, Mission Hills",Y,MX,Mexico,MFG,37980,MX03,Strategic,20.9817163,-100.4223264,LA,Latin America,LA,Latin America,Unplanned,3719,61.983334,0.0,61.983334,0.0,0.0,61.983334,0,0,61.983334,0.0,0.0,0.0,0.0,0.0,0.0,0.0,19,78,0.0,0.0,0,0.0,0.0,0.0,0.0,0.0,0.0,0.0,OPERA,Supply Chain,Manufacturing
FIPCO00G,FIPCO00G_Palletizer,195.0,MX11,,Full OPERA,PACK,OC,TPST,OralCare,Equipment,,Packs,TFS80-6,000000000061028649,61028649,OFT 35FT_115ml_36_2P_Size,CS,72.0,72.0,72.0,108431439.0,108431439.0,5.829999924,CS,2025-02-05 19:17:21.000 -0500,,RUNNING,Running,Corriendo,ALL,ALL,Shift3,2025-02-05 21:30:00.000 -0500,2025-02-06 05:59:59.000 -0500,510.0,D,False,2025-02-05,2025-02-01,2025-01-01,2025-01-01,36.0,"Mexico, Mission Hills",Y,MX,Mexico,MFG,37980,MX03,Strategic,20.9817163,-100.4223264,LA,Latin America,LA,Latin America,Runtime,29829,497.15,0.0,497.15,0.0,0.0,497.15,0,0,0.0,497.15,0.0,0.0,0.0,0.0,0.0,0.0,19,78,0.0,0.0,0,0.0,0.0,0.0,0.0,0.0,0.0,0.0,OPERA,Supply Chain,Manufacturing
FIPCO009,FIPCO009_Palletizer,153.0,MX11,,Full OPERA,PACK,OC,TPST,OralCare,Equipment,,High Complexity,TFS80-6,000000000061045447,61045447,OFT 38FR_170ml_24 Size,CS,24.0,24.0,24.0,108432764.0,108432764.0,16.75,CS,2025-02-06 14:17:45.000 -0500,2025-02-08 01:08:30.000 -0500,RUNNING,Running,Corriendo,ALL,ALL,Shift2,2025-02-06 14:00:00.000 -0500,2025-02-06 21:29:59.000 -0500,450.0,C,False,2025-02-06,2025-02-01,2025-01-01,2025-01-01,24.0,"Mexico, Mission Hills",Y,MX,Mexico,MFG,37980,MX03,Strategic,20.9817163,-100.4223264,LA,Latin America,LA,Latin America,Runtime,16994,283.233333,0.0,283.233333,0.0,0.0,283.233333,0,0,0.0,283.233333,0.0,0.0,0.0,0.0,0.0,0.0,19,78,0.0,0.0,0,0.0,0.0,0.0,0.0,0.0,0.0,0.0,OPERA,Supply Chain,Manufacturing
FIPCO004,FIPCO004_CasePacker,146.0,MX11,,Full OPERA,PACK,OC,TPST,OralCare,Equipment,,Low Complexity,TFS80-6,MX06994A,MX06994A,OFT_25FT_2.0oz_24_Size,CS,24.0,24.0,24.0,108432488.0,108432488.0,18.75,CS,2025-02-05 18:14:56.000 -0500,2025-02-06 06:08:02.000 -0500,WAITING,Upstream,Falta Producto,Size,Size,Shift2,2025-02-05 14:00:00.000 -0500,2025-02-05 21:29:59.000 -0500,450.0,C,False,2025-02-05,2025-02-01,2025-01-01,2025-01-01,24.0,"Mexico, Mission Hills",Y,MX,Mexico,MFG,37980,MX03,Strategic,20.9817163,-100.4223264,LA,Latin America,LA,Latin America,Waiting,930,15.5,0.0,15.5,0.0,0.0,15.5,0,0,0.0,0.0,0.0,15.5,0.0,0.0,0.0,0.0,19,78,0.0,0.0,0,0.0,0.0,0.0,0.0,0.0,0.0,0.0,OPERA,Supply Chain,Manufacturing
FIPCO00H,FIPCO00H_Filler,201.0,MX11,Adjustment,Full OPERA,PACK,OC,TPST,OralCare,Equipment,,Secondary Line,TFS80-6,MX02080D,MX02080D,OFT 35FR_75ml_48_Size,CS,48.0,48.0,48.0,108432978.0,108432978.0,450.0,CS,2025-02-06 09:33:48.000 -0500,2025-02-07 13:38:44.000 -0500,DOWNTIME,Transporte de cajas,Transporte de cajas,ALL,ALL,Shift1,2025-02-07 06:00:00.000 -0500,2025-02-07 13:59:59.000 -0500,480.0,B,False,2025-02-07,2025-02-01,2025-01-01,2025-01-01,48.0,"Mexico, Mission Hills",Y,MX,Mexico,MFG,37980,MX03,Strategic,20.9817163,-100.4223264,LA,Latin America,LA,Latin America,Unplanned,46,0.766667,0.0,0.766667,0.0,0.0,0.766667,0,0,0.766667,0.0,0.0,0.0,0.0,0.0,0.0,0.0,19,78,0.0,0.0,0,0.0,0.0,0.0,0.0,0.0,0.0,0.0,OPERA,Supply Chain,Manufacturing
FIPCO00J,FIPCO00J_Cartoner,767.0,MX11,Breakdown,Full OPERA,PACK,OC,TPST,OralCare,Equipment,,Packs,TFS80-6,000000000061012223,61012223,OFT 28FT_60ml_24_3P_Size,CS,72.0,72.0,72.0,108427065.0,108427065.0,150.0,CS,2025-02-05 07:07:27.000 -0500,,DOWNTIME,Error de propulsión general,Error de propulsión general,ALL,ALL,Shift1,2025-02-06 06:00:00.000 -0500,2025-02-06 13:59:59.000 -0500,480.0,B,False,2025-02-06,2025-02-01,2025-01-01,2025-01-01,24.0,"Mexico, Mission Hills",Y,MX,Mexico,MFG,37980,MX03,Strategic,20.9817163,-100.4223264,LA,Latin America,LA,Latin America,Unplanned,177,2.95,0.0,2.95,0.0,0.0,2.95,0,0,2.95,0.0,0.0,0.0,0.0,0.0,0.0,0.0,19,78,0.0,0.0,0,0.0,0.0,0.0,0.0,0.0,0.0,0.0,OPERA,Supply Chain,Manufacturing
